#{"t_start": 1641507745.9739182, "env_id": null}
r,l,t
-8.535191,1001,11.118669
-2.540732,568,14.740235
-6.525297,1001,22.636664
-7.485911,1001,28.998064
-5.263087,1001,34.926549
-9.205161,1001,40.843705
1.61623,1001,46.677226
-5.001023,1001,52.472682
-6.444497,1001,58.282037
-6.897871,1001,64.00937
-0.752753,1001,75.736564
-7.314151,1001,92.362526
-2.44354,1001,109.646229
-4.428659,516,119.430041
-3.557002,479,128.376124
-1.689594,146,131.329331
-3.768961,521,141.134143
-4.155873,242,145.65186
-0.732,60,147.207048
-1.937071,128,149.899181
-9.073083,617,161.215396
-1.842911,92,163.353682
-4.4979,594,174.091997
-1.035114,114,176.670297
-9.03015,829,193.223523
-5.567279,295,199.680402
-7.252557,420,207.435302
-2.949585,223,211.947026
-7.039574,707,225.225519
-6.856113,992,246.310845
-2.916986,768,261.843292
-10.923499,1001,280.872441
-6.597892,328,287.168425
-4.343445,241,291.875865
-17.777615,1001,311.328118
-0.304063,26,312.342158
-4.461903,207,316.843866
-3.665392,296,323.614882
-15.915624,1001,342.630893
-3.337616,405,351.339773
-11.592741,966,370.35512
-9.836432,529,381.023377
-8.090865,774,395.971705
-5.007674,354,403.063092
-1.977495,143,406.642612
-1.528729,93,408.994339
-14.192023,1001,428.119596
-4.599844,278,434.706728
-3.76159,257,440.540381
-0.306886,40,441.880935
-4.463131,308,448.498484
-1.657909,129,451.379462
-0.347257,32,452.475792
-0.466576,46,453.853528
-1.179416,88,456.027184
-3.194618,351,463.457468
-5.160441,336,470.55349
-4.074199,221,475.436639
-16.132702,1001,495.374462
-13.669443,1001,514.943902
-10.338296,879,532.440918
-4.209951,212,537.120405
-1.305811,138,540.277485
-3.837846,201,544.514755
-17.88829,913,562.780771
-0.476265,34,563.939176
-2.198522,98,566.241179
-20.605143,1001,585.721193
-21.135801,1001,604.743896
-3.419446,179,608.764819
-5.501754,266,614.217228
-6.96041,418,622.528227
-5.653189,308,629.301302
-2.799987,133,632.310211
-4.723867,327,639.073749
-10.578169,527,649.598299
-1.520335,90,652.16648
-6.556878,324,658.757886
-12.289682,522,669.458637
-21.998208,1001,692.194771
-4.967631,229,696.932225
-2.112843,119,699.682403
-6.812999,320,707.010413
-19.789117,838,724.854191
-1.69521,105,727.587615
-2.817668,346,735.492836
-20.210629,1001,755.811595
-8.622068,352,762.861958
-3.972541,228,767.589059
-6.613601,348,775.942562
-17.9499,1001,798.254767
-17.437444,1001,823.910155
0.086265,1,824.698641
-7.842077,390,833.878037
-2.171846,182,838.759113
-2.693713,179,844.294937
-5.891534,285,851.575954
-10.29835,773,869.527572
-6.009146,539,883.931798
-1.575744,168,888.504779
-16.963078,950,909.404246
-13.9986,808,928.066694
-5.930162,381,936.653353
-3.704233,189,941.06374
-6.922173,365,948.692415
-6.36986,420,957.464795
-6.74627,450,967.593089
-3.059778,164,971.508191
-1.499923,84,973.748019
-7.245594,338,981.281773
-2.521559,164,985.432875
-2.548198,136,989.007015
-5.857412,308,995.941365
-22.306196,1001,1016.423408
-1.182648,69,1018.399963
-10.147168,389,1026.173372
-0.973633,52,1027.712268
-4.562354,288,1034.547418
-4.609396,355,1041.73532
-2.475326,119,1044.540578
-1.830517,117,1047.247166
-2.107941,130,1050.186698
-1.681479,380,1058.480799
-14.607541,1001,1079.296746
-12.047832,836,1097.906725
-2.940494,172,1102.536228
-5.778852,288,1109.10085
-8.701115,564,1122.210844
-3.643935,187,1126.449873
-2.44513,130,1129.512582
-8.785225,441,1138.766058
-1.037225,64,1140.603772
-9.549939,552,1151.891182
-2.854946,218,1156.980245
-2.965049,154,1160.569974
-4.936199,282,1166.483332
-2.206987,117,1169.175333
-8.110981,541,1180.435237
-0.998126,436,1189.989732
-4.918104,373,1198.014683
-4.411691,511,1208.361656
-9.607788,1001,1229.718457
-3.236836,205,1234.523456
-6.03922,702,1248.778197
-6.027645,276,1254.839833
-15.625508,1001,1275.199066
-4.442693,167,1279.545606
-2.118485,113,1282.577336
-2.848814,139,1286.099786
-3.486208,166,1290.231164
-3.835807,298,1296.881749
-4.782653,271,1303.920523
-2.087453,183,1308.901613
-2.534907,213,1314.332066
-4.62664,210,1319.336145
-3.948398,292,1325.953766
-6.7452,379,1333.806188
-10.41939,460,1343.011783
-1.830416,105,1345.603925
-2.992774,138,1348.767718
-0.867409,61,1350.45568
-2.623257,418,1358.845797
-5.432362,297,1365.760286
-1.540648,79,1367.782008
-10.682321,485,1377.847439
-3.535594,177,1382.266467
-2.629907,161,1386.187555
-3.259408,184,1390.31064
-4.297668,231,1395.335993
-5.491136,309,1402.158023
-16.038475,755,1419.285925
-11.272599,668,1433.416435
-2.941978,213,1438.393963
-5.523895,368,1446.323475
-10.104691,637,1459.863317
-3.639525,530,1473.870714
-2.434916,278,1481.822409
-5.642642,486,1494.569164
-1.007767,153,1499.34231
-1.077242,118,1502.813812
-1.014801,189,1507.931152
-3.901789,1001,1533.099565
-4.712319,923,1556.062527
-2.091425,158,1560.486421
-0.612002,401,1571.160836
-4.095708,1001,1596.342267
-1.525604,396,1606.85182
-1.216116,383,1617.125033
-3.470605,566,1632.617565
-2.237743,541,1646.826862
0.744318,115,1650.249774
-3.898396,1001,1676.637659
-0.490068,50,1678.489714
-5.83399,710,1696.033378
-1.493279,628,1711.970536
-2.176395,267,1719.005199
-0.874552,163,1723.924341
-1.690517,164,1728.588067
-0.607313,245,1735.23259
-3.828952,1001,1760.191859
-2.421692,621,1778.681626
-1.641959,260,1786.620894
-1.381279,286,1794.405544
-6.982805,1001,1819.213569
0.09899,1,1819.977805
0.374494,185,1825.034478
-2.257532,1001,1850.811351
1.313547,359,1860.339342
-0.550851,235,1866.630213
0.671363,578,1881.467793
-0.572554,539,1895.003908
-1.561382,326,1903.988805
0.01603,352,1912.928509
-2.795289,590,1927.977605
0.03722,240,1934.344485
0.114308,173,1939.002846
-1.568399,1001,1963.780215
-1.089108,212,1969.677956
1.968161,521,1982.866747
0.111293,280,1990.139167
-0.354191,1001,2014.995708
1.129776,280,2022.388089
0.707679,286,2029.933581
-0.200625,173,2034.919276
2.027218,670,2051.550594
4.315609,651,2067.825228
0.204492,175,2072.784156
0.931393,405,2082.970252
2.53868,634,2098.940696
1.089734,286,2106.481589
1.720646,279,2113.680889
1.120243,432,2124.723486
1.254725,338,2133.495639
2.660153,513,2146.617794
0.781781,173,2151.393988
0.154681,149,2155.493282
1.462853,558,2169.392133
3.129355,585,2184.567852
1.241202,427,2196.119473
0.756354,240,2202.647083
1.9019,369,2212.080103
4.852239,677,2229.338667
5.446879,1001,2256.436081
5.018448,938,2281.993791
5.214395,878,2305.515811
2.660983,643,2323.341586
2.012039,476,2336.469387
2.38026,535,2351.120891
4.465603,1001,2377.856385
4.326358,1001,2404.881534
3.791332,719,2424.473767
1.561671,257,2433.13563
5.873086,1001,2470.648765
7.783621,1001,2499.512816
1.810533,233,2506.050653
1.25953,189,2511.530332
8.323666,1001,2538.744943
2.417098,239,2545.688788
3.892993,452,2557.491157
3.030558,378,2567.552029
3.716674,516,2580.982541
2.574272,262,2588.017524
2.196019,224,2594.146156
3.339422,427,2605.595424
0.506912,139,2609.644923
1.025352,98,2612.664965
5.527901,677,2630.030497
1.80302,143,2634.150265
1.628141,146,2638.309243
2.226612,245,2644.812484
2.454183,177,2650.016933
0.733603,86,2653.064862
1.770708,128,2656.920103
1.795317,162,2661.479431
1.73206,173,2666.484685
1.673465,147,2670.756725
2.099319,344,2680.011555
6.869492,1001,2705.069146
0.74856,78,2707.804306
0.583228,73,2710.286327
1.301713,204,2715.767498
1.055801,72,2718.221566
1.468851,217,2724.132775
5.128528,651,2741.00967
2.887185,333,2750.016544
0.454026,63,2752.147308
1.712906,188,2757.931457
1.393404,186,2764.390311
1.103328,155,2768.981111
0.494461,70,2771.40162
1.088796,86,2774.256418
1.93611,242,2781.328275
-0.581782,1,2781.968786
3.537677,475,2794.570222
6.384858,1001,2821.606414
7.645953,1001,2847.613073
0.074332,1,2848.391342
4.978697,608,2863.920224
1.325811,160,2868.602697
6.002929,1001,2893.907398
7.500264,1001,2919.320402
1.119143,143,2923.452453
6.956516,1001,2948.600041
6.716493,1001,2973.897473
2.874537,311,2982.308214
2.482833,289,2990.103035
1.860728,275,2997.615879
6.561811,918,3020.492246
1.453642,205,3026.496485
1.158835,137,3030.461798
-0.235984,16,3031.712625
3.773792,581,3047.703598
5.500549,655,3066.763269
3.830161,385,3078.054773
6.745113,785,3099.556761
3.342703,361,3109.085824
7.658091,797,3130.425206
5.999732,599,3148.061466
3.970762,437,3162.712973
1.044438,79,3165.97463
2.952464,303,3174.510519
5.272656,494,3187.486245
0.965304,64,3189.678635
1.558181,138,3193.732516
2.396345,280,3201.756929
4.43442,423,3212.066822
9.977745,1001,3234.348559
7.897069,724,3253.306295
3.672372,311,3261.480139
3.098386,362,3269.517518
2.571747,227,3275.219398
9.85994,1001,3299.429601
4.520902,513,3311.403049
6.021559,733,3328.249737
4.069813,399,3337.596777
-2.959227,1,3338.255013
6.46477,685,3354.259226
2.929702,280,3361.036795
6.503687,660,3376.307662
1.477451,153,3380.27099
2.625029,278,3386.825384
7.98813,1001,3410.342523
6.759256,681,3426.339564
9.401458,1001,3451.795665
7.326579,1001,3474.573795
0.934155,87,3477.211951
8.914879,776,3494.89837
2.544516,280,3501.696339
7.715851,1001,3524.808748
1.667193,106,3527.763887
1.173716,79,3529.997552
9.629744,1001,3553.261388
1.182342,109,3556.278134
1.236363,83,3558.70342
6.1185,601,3572.800652
0.712952,53,3574.627995
4.486097,561,3587.641225
1.297451,107,3590.608335
0.842847,54,3592.604914
0.77518,62,3594.599056
9.342409,1001,3617.404152
10.002867,1001,3640.136457
0.81342,57,3642.000953
8.816034,1001,3665.145683
1.809727,169,3669.405236
8.254355,1001,3694.567266
5.160306,422,3705.572092
0.95669,109,3709.104152
5.948285,446,3719.398569
2.650046,160,3723.60706
8.039757,835,3743.444333
5.659156,375,3752.96412
3.792952,195,3758.269609
1.484643,95,3761.496619
6.394544,584,3779.709642
4.039659,324,3788.361696
2.63193,143,3792.392838
1.239454,73,3795.034415
1.593698,91,3798.219955
-0.038882,12,3799.284183
2.429806,187,3804.779132
9.165444,1001,3829.596242
3.379261,207,3835.263861
3.613427,200,3840.488125
4.900416,371,3849.49887
1.441133,82,3852.050943
2.061151,189,3857.207853
9.444037,1001,3881.597385
6.319285,503,3895.270789
0.759103,56,3897.556083
10.949803,1001,3923.465358
1.260358,73,3925.71234
4.047511,333,3933.894972
6.432137,497,3945.587767
3.827906,288,3952.97527
6.724796,622,3968.169809
1.257025,70,3970.489754
1.020868,78,3972.956567
1.696635,113,3976.708175
2.140905,167,3983.171177
1.211922,68,3985.563992
5.387564,414,3995.88119
3.525549,288,4002.310344
1.189282,71,4004.376285
1.594642,125,4007.58752
1.055649,58,4009.367863
1.58186,100,4012.003483
7.918256,1001,4033.435614
4.624095,364,4040.876276
10.663548,1001,4062.173331
1.896408,114,4065.262099
1.525104,88,4067.723208
10.603275,1001,4087.459027
2.780306,147,4090.543062
4.885319,312,4096.620348
11.755433,1001,4115.310129
10.554132,1001,4133.810427
3.153606,192,4137.616037
4.629832,325,4144.012989
12.292672,1001,4162.28794
6.984232,473,4171.352033
4.442336,330,4177.76522
7.306776,779,4192.063454
4.504864,342,4198.929603
13.049035,1001,4217.461774
4.057447,343,4224.07077
9.012128,1001,4242.736181
5.702698,289,4248.5711
19.868045,1001,4266.967045
11.064287,1001,4284.583349
8.590133,1001,4302.986648
8.938213,1001,4321.800425
10.893106,877,4337.906831
5.946086,485,4347.06098
11.10809,1001,4365.519281
10.514976,1001,4384.138352
3.407287,192,4387.997895
4.384157,338,4394.599283
2.525581,151,4398.100978
0.074634,1,4398.684872
8.885896,1001,4417.42656
2.669594,206,4421.913107
9.245345,835,4437.536006
0.61445,39,4438.729491
6.257358,467,4447.365119
8.172455,561,4458.157156
11.618985,1001,4476.251232
10.225994,630,4487.996261
11.059341,966,4505.741465
1.977449,143,4508.779891
1.508807,103,4511.188437
5.676265,344,4517.788601
2.151342,134,4520.628978
5.461687,314,4526.889482
15.147764,937,4543.869222
6.938882,479,4553.189535
1.446797,123,4555.83733
2.651422,168,4559.333109
5.05775,500,4568.545362
8.4767,780,4583.06941
7.706711,668,4595.561904
2.597903,189,4599.394482
13.165451,878,4615.838484
9.206445,796,4630.660793
14.454506,1001,4649.053532
10.941642,1001,4667.915412
7.811466,730,4681.464784
10.070591,1001,4699.486012
5.631011,494,4708.997921
7.19338,609,4720.541121
6.03448,468,4729.551974
1.888314,127,4732.338654
11.240265,1001,4750.863961
2.467849,164,4754.588214
9.741453,643,4766.232621
10.329252,862,4781.995677
11.645572,1001,4800.00824
4.974749,278,4805.328488
7.187544,585,4816.529062
11.195674,819,4831.184054
3.658632,446,4839.820496
1.533023,114,4842.414965
7.088991,471,4851.156276
9.776453,1001,4869.606626
7.128574,513,4879.271145
3.16653,231,4883.801419
4.424861,260,4888.81698
14.924597,1001,4906.863659
12.149691,1001,4925.10093
4.749469,266,4930.194542
3.228466,191,4934.042119
11.355221,1001,4952.889848
8.694576,738,4966.452728
7.595904,1001,4984.98499
4.016397,272,4990.283873
3.849028,399,4998.132105
2.140075,138,5001.180611
13.475788,1001,5019.383037
11.169329,1001,5037.817739
8.098605,511,5047.068026
12.025643,1001,5065.945622
5.779007,529,5075.908814
8.835231,572,5086.81803
7.027996,501,5096.09056
16.095741,1001,5114.433522
10.846937,1001,5132.908097
8.730861,627,5144.888061
12.120643,1001,5163.100708
7.544474,1001,5181.583577
7.015952,425,5189.804265
9.377507,1001,5208.562021
9.4856,1001,5227.345895
8.044352,380,5235.206647
6.950281,424,5243.106955
3.629301,180,5246.69788
1.989359,146,5249.694436
17.462561,1001,5267.700397
7.03659,485,5276.707269
5.55051,308,5282.530715
1.763535,101,5284.8536
7.01328,468,5293.902483
7.173297,390,5301.360294
9.233745,551,5311.656192
9.332542,708,5325.067525
5.924312,390,5332.447405
10.405313,1001,5351.030002
8.276329,1001,5369.079734
3.689529,275,5374.250668
9.132325,1001,5392.434134
1.129693,71,5394.167796
12.127105,1001,5412.205142
4.875943,439,5420.347955
13.929173,1001,5438.912615
14.814789,1001,5457.20457
7.523936,574,5467.625878
10.469949,1001,5486.602996
14.569085,1001,5504.961299
7.414448,725,5518.439148
10.813018,1001,5537.258395
9.422591,796,5551.78422
13.944097,1001,5569.263116
13.747773,1001,5587.517526
10.572016,1001,5605.882597
11.277443,839,5620.827422
11.562536,1001,5638.727863
8.814147,1001,5656.781321
12.856423,1001,5675.041602
8.620926,687,5687.841518
10.23876,1001,5706.76755
5.43942,288,5712.271626
15.462722,1001,5730.603857
12.684318,1001,5749.156572
6.643624,565,5759.612464
7.935147,509,5769.367502
11.399817,1001,5790.15674
10.444116,900,5808.730872
16.303218,895,5826.773352
5.078395,268,5832.252668
10.163951,584,5843.234719
9.755883,1001,5868.084771
14.31323,1001,5888.088866
2.696099,134,5891.040844
2.459355,118,5894.158408
9.116331,630,5908.90982
6.604905,293,5915.878748
1.301876,84,5918.382478
1.545789,84,5921.326791
7.529516,386,5930.155843
8.158933,1001,5952.207971
9.512088,588,5964.109866
4.933069,223,5968.616796
5.812363,706,5983.572314
4.089032,186,5988.108197
24.372662,1001,6008.754185
12.434595,1001,6029.169995
4.859774,334,6035.664757
6.766402,325,6042.39169
9.041768,531,6052.312853
6.946972,655,6064.173333
10.395208,615,6075.724707
12.134124,825,6091.11359
13.530594,1001,6110.144636
7.062122,328,6116.552995
17.856418,1001,6135.385998
15.25291,1001,6154.817997
6.626246,310,6162.146227
17.214292,893,6185.067466
6.600925,524,6201.12308
6.227786,290,6207.513056
23.056117,1001,6230.812439
13.402421,1001,6259.114763
7.936302,904,6283.849967
24.07639,1001,6307.314033
11.368494,1001,6330.507771
3.991676,299,6336.768029
7.871489,1001,6357.692869
10.827379,522,6368.867762
6.395548,307,6376.043491
9.756562,455,6386.829675
6.754039,284,6394.305544
13.187577,1001,6414.298399
20.463986,1001,6434.317129
14.136869,968,6453.678358
3.52106,357,6461.23943
2.039653,94,6463.793105
11.47784,1001,6484.202398
12.418767,1001,6503.695392
4.99473,228,6508.298186
9.472247,382,6516.01176
14.175215,686,6529.362793
11.132323,861,6548.028468
10.93427,1001,6567.120204
2.745523,141,6570.242708
15.187062,1001,6588.45613
10.859084,1001,6608.771118
9.325895,765,6625.828619
7.221575,506,6636.906785
7.198829,1001,6659.933778
6.641458,601,6673.161553
6.169886,258,6679.910063
7.935046,311,6686.870746
13.833431,1001,6710.263855
5.626458,225,6715.490266
12.707892,1001,6737.864288
5.633033,436,6747.657086
9.48582,425,6756.221008
14.609153,1001,6775.347304
9.744561,754,6791.46006
14.781017,1001,6812.198655
17.746194,1001,6832.444864
7.007395,315,6839.334677
7.522955,338,6846.503377
9.859514,418,6855.052178
17.452413,1001,6875.142208
15.38323,1001,6899.049593
9.566331,1001,6919.432602
8.817421,1001,6944.221372
2.275807,139,6948.2589
13.54956,1001,6969.150544
4.693814,541,6982.26596
9.519244,364,6991.012411
11.208823,1001,7021.02116
13.415501,641,7035.517552
3.42113,195,7039.968228
9.709658,768,7059.606129
14.629052,1001,7088.51282
3.744931,197,7094.516914
18.209553,1001,7121.961092
13.745087,1001,7150.284601
13.413214,1001,7179.703443
18.210162,1001,7210.565843
14.912706,666,7226.224355
8.114663,1001,7250.839936
-2.919352,1,7251.721983
5.382069,427,7262.421189
11.469536,441,7274.453115
3.466233,150,7279.238546
7.488226,331,7289.285203
4.018625,193,7295.65208
13.737868,828,7315.767636
2.167609,104,7318.166657
8.49984,1001,7341.432256
11.40943,1001,7366.597373
9.299772,366,7377.053815
15.679459,723,7393.211114
3.74443,142,7396.984197
3.366891,150,7401.301863
19.451878,1001,7429.755236
14.527964,610,7446.552227
2.070128,89,7449.975817
2.676143,186,7455.557107
8.260697,341,7465.843218
8.941956,435,7475.37701
4.492492,271,7481.324531
14.988361,633,7493.256091
10.319836,496,7503.061555
14.302499,748,7517.095119
15.043178,1001,7535.752599
4.413622,189,7540.045236
13.767649,1001,7560.564108
8.362844,1001,7578.933336
5.462789,583,7590.441469
3.214108,196,7594.442957
3.375849,237,7599.241808
12.000271,1001,7619.3916
2.750895,177,7623.375567
4.945808,348,7630.410058
7.921063,434,7639.175922
2.527132,179,7643.034168
12.265391,709,7656.20135
3.013208,152,7659.802633
15.259916,1001,7678.217031
10.047777,1001,7697.762903
5.134857,203,7702.457005
10.668108,1001,7726.015279
11.852127,1001,7752.546663
9.431491,362,7763.227559
7.291561,431,7776.652881
6.813278,390,7788.075172
7.809381,528,7803.742061
9.698512,1001,7832.214053
15.38199,1001,7860.705686
9.741636,770,7881.852983
11.075425,1001,7905.814882
6.694127,265,7914.198627
13.670086,1001,7938.515741
17.318616,1001,7966.573119
9.095091,685,7987.430815
4.875824,216,7995.859433
8.322274,319,8007.816868
6.156981,415,8019.636349
3.485929,344,8030.15923
9.097003,778,8052.834124
16.618514,1001,8086.063852
8.993707,351,8099.071699
2.766819,127,8104.375321
15.047897,1001,8133.463249
13.490074,1001,8158.447748
7.934234,699,8174.84662
1.094556,151,8178.742731
8.734152,1001,8203.746458
19.224954,1001,8225.188691
17.130997,1001,8246.029875
3.593045,162,8249.889194
7.632194,726,8266.479187
7.665388,807,8284.327146
25.385659,975,8302.962348
13.789276,1001,8322.782867
12.172055,485,8332.261557
6.252915,361,8339.650615
11.015569,445,8348.810431
1.100179,90,8351.186382
13.228263,671,8365.765819
7.225729,321,8372.712741
8.40034,513,8382.128988
9.376448,614,8393.469942
1.644964,90,8395.731187
16.168175,1001,8415.475688
3.567206,179,8420.597518
8.95423,520,8432.86787
15.636074,1001,8454.906014
2.524238,121,8458.087792
23.135628,1001,8478.125757
14.07519,1001,8501.877666
3.200311,138,8504.891041
23.702641,1001,8523.87762
1.876379,122,8526.596883
4.426675,202,8530.741046
5.216916,248,8535.639096
6.212161,304,8541.519379
11.3665,1001,8560.335461
11.678685,1001,8579.121203
13.183542,1001,8597.371391
11.268156,1001,8616.202131
8.899775,1001,8635.452726
15.352697,1001,8654.997861
9.577265,649,8667.440092
17.864524,1001,8688.762986
2.749619,173,8692.810358
15.804734,1001,8715.019508
13.868657,1001,8737.244832
6.34986,273,8743.030092
10.214119,485,8754.989411
5.8988,318,8761.747922
8.330407,1001,8783.438567
1.398304,70,8785.917709
23.514374,1001,8805.897367
15.36806,1001,8825.523819
13.737883,1001,8845.875812
1.4503,81,8848.018076
8.367519,344,8855.794338
7.598857,359,8865.805601
8.363755,387,8874.001316
3.565415,141,8877.082382
21.316802,1001,8896.146792
6.594698,258,8901.53899
5.709812,238,8906.225964
2.11494,102,8908.662919
11.084652,1001,8930.810935
15.550519,650,8945.955799
13.926259,1001,8968.735161
3.171869,142,8973.01741
8.202647,395,8980.642884
16.431479,790,8996.18427
7.329822,259,9003.231809
9.654542,1001,9024.898956
10.940108,1001,9045.927052
12.729376,666,9060.636514
16.291753,1001,9081.745429
12.106037,432,9092.285229
18.257305,610,9104.487089
13.732602,657,9118.586196
8.285991,433,9127.612972
9.630029,1001,9149.838074
5.168016,290,9157.580284
10.84411,1001,9182.919415
12.272277,673,9199.301468
1.800434,141,9203.948594
6.371428,305,9212.833663
14.155721,1001,9232.891765
3.849351,148,9236.62892
2.849993,136,9240.116504
13.388606,1001,9260.303089
12.933247,1001,9281.582388
8.581111,1001,9303.732351
3.135798,127,9307.384757
7.011286,276,9314.13367
12.253308,486,9325.959385
12.47076,810,9343.052927
8.344929,444,9352.671589
11.985308,1001,9375.177846
5.05929,205,9380.570679
20.513841,1001,9401.345044
5.429244,210,9406.082508
2.418358,129,9409.141117
5.011519,370,9417.143782
10.274742,1001,9437.207464
9.125815,325,9445.024463
4.533147,172,9449.045885
1.963776,93,9451.361481
1.949656,145,9454.586104
15.715903,1001,9476.265749
15.097553,935,9496.553449
9.537519,661,9512.014627
4.97357,481,9524.308087
7.747541,547,9537.686472
14.146109,1001,9561.430103
24.936883,1001,9582.899475
14.282286,944,9604.525659
5.601094,321,9613.494358
7.593975,587,9627.314017
9.860534,1001,9652.267145
2.421542,151,9655.782854
16.147776,1001,9677.336157
10.286098,1001,9701.950198
8.473691,1001,9725.199487
9.816492,831,9744.712773
15.098068,1001,9767.677737
23.330707,1001,9789.540655
10.116253,711,9804.389914
7.926349,526,9818.115344
13.023227,1001,9840.152358
6.01554,276,9847.484736
18.30833,904,9866.801008
4.746563,286,9873.461139
9.085445,802,9889.890305
14.454367,1001,9911.458324
8.112736,306,9918.966044
11.866925,705,9933.897216
10.639003,1001,9957.198691
15.965528,1001,9976.687345
6.523943,397,9984.990097
13.813799,1001,10005.129437
17.714826,1001,10028.726366
13.305693,1001,10051.275003
8.567946,1001,10071.794483
2.904343,170,10076.597892
8.436589,1001,10098.679927
10.284054,381,10109.151809
3.651028,235,10114.7154
14.693914,1001,10137.835994
3.010698,170,10142.508662
12.267489,1001,10164.791532
18.995735,1001,10189.115753
4.64749,204,10195.30137
9.2219,1001,10217.260898
24.418136,1001,10239.704682
16.408516,941,10261.112279
20.191574,1001,10281.829862
10.05831,1001,10303.848745
10.290784,463,10312.862598
18.718271,699,10329.158388
8.965306,1001,10353.411415
3.776682,237,10358.683754
14.486499,1001,10380.107677
13.719146,1001,10401.663262
11.150054,927,10422.01547
7.625799,265,10429.116289
11.498885,1001,10450.94382
8.654952,677,10467.264103
22.587733,1001,10487.349478
19.702677,832,10503.445744
13.197959,1001,10526.193492
16.095986,1001,10550.950709
9.691536,1001,10572.122089
9.696684,491,10584.017109
6.336155,324,10592.583769
18.827093,1001,10614.262702
5.39544,245,10620.853781
18.277592,1001,10642.951547
13.749755,1001,10663.876384
21.13675,1001,10685.226002
28.508994,1001,10708.796341
12.953379,867,10728.539787
6.309162,576,10741.055341
5.375371,183,10745.522635
5.519729,527,10758.872577
5.491393,343,10766.597011
24.788077,1001,10788.485313
1.811037,126,10791.944372
14.151289,1001,10811.731574
8.999785,1001,10831.426986
9.798892,1001,10853.39923
9.760973,1001,10872.085771
22.612462,1001,10891.327441
14.009258,1001,10913.578444
7.673568,627,10925.722347
15.72133,1001,10945.966512
13.704047,923,10964.176052
12.694059,704,10978.831792
22.180429,1001,10999.728548
7.74995,1001,11020.681778
-2.802269,1,11021.226087
10.990675,680,11035.443917
20.851433,1001,11058.90277
15.451499,1001,11082.149567
14.128876,1001,11111.073178
10.066472,1001,11140.86397
8.078321,1001,11174.440309
10.214271,980,11202.889786
9.493996,1001,11231.665491
19.692157,1001,11258.123983
1.849307,98,11261.048334
16.639905,1001,11285.388844
4.386658,319,11294.209353
16.605073,1001,11319.862657
14.772053,830,11342.548148
10.370486,1001,11368.140053
14.442425,1001,11394.694446
9.007676,1001,11418.461435
25.361487,1001,11464.359646
9.752312,390,11472.985951
16.899845,1001,11494.540931
24.116526,1001,11518.185743
13.92183,1001,11541.02638
8.85429,1001,11561.629728
23.314755,1001,11582.450212
17.642541,961,11600.877244
11.415126,1001,11619.851966
13.825726,1001,11638.779596
16.092333,1001,11657.313082
21.17246,1001,11675.819543
8.063954,279,11681.634183
0.085863,1,11682.199002
15.231528,881,11698.688997
11.611923,484,11707.913323
4.401667,169,11711.457042
1.398634,79,11713.410378
7.717447,450,11721.944762
3.041934,229,11726.538185
15.310311,1001,11745.176291
16.774005,1001,11764.911618
1.905772,89,11767.636981
8.582322,526,11777.85613
11.11916,652,11790.418724
1.371359,72,11792.576969
16.940222,580,11803.302799
3.107218,170,11806.736279
15.644399,1001,11824.351033
2.574224,107,11826.68557
4.467144,171,11830.160429
9.269997,1001,11849.229252
21.57147,1001,11867.688962
5.006942,237,11872.397629
14.418695,632,11883.78217
17.896081,1001,11902.289639
15.834176,657,11914.809223
23.150764,825,11929.62242
9.423763,1001,11948.117797
3.039222,143,11951.260175
14.137365,1001,11969.92216
12.831026,549,11979.887156
7.495033,693,11992.829415
7.34568,286,11998.278366
4.201542,250,12003.083647
16.670581,656,12015.308097
11.802451,425,12023.457887
12.418816,1001,12041.374688
23.923577,956,12058.863198
6.521382,403,12066.490991
10.106289,427,12074.425309
11.431559,1001,12092.803017
19.213827,1001,12110.986176
10.399107,1001,12129.256128
7.105342,737,12142.695968
18.714268,856,12158.18933
22.070481,1001,12176.494907
10.153491,358,12183.26401
22.212651,1001,12201.690656
10.717441,1001,12219.829112
12.72792,902,12236.835033
12.092354,1001,12254.853366
16.96538,1001,12272.921157
3.662856,199,12276.899815
16.15117,785,12291.459732
12.841582,1001,12309.610816
10.575043,1001,12328.143533
11.022175,1001,12346.085018
8.544178,801,12361.136057
2.370295,99,12363.383243
5.600369,268,12368.577111
6.945622,430,12376.453028
6.745572,362,12383.649223
11.807392,1001,12401.835029
17.535126,1001,12419.930063
17.432398,1001,12438.026227
14.019718,1001,12456.457514
14.115209,1001,12474.90465
9.435475,300,12480.591893
18.981466,1001,12498.600871
2.532705,141,12501.705834
4.827589,179,12505.60254
7.808033,542,12515.665121
17.45996,1001,12534.499158
16.399405,1001,12552.682295
12.44745,1001,12571.475213
20.732896,1001,12589.425601
10.495855,1001,12608.082268
10.005602,1001,12626.370059
22.330248,796,12640.828658
1.452877,99,12643.157116
10.525589,1001,12661.728184
10.91418,632,12673.360329
17.081536,1001,12692.291553
15.591871,1001,12710.598668
14.613573,908,12726.865379
7.957471,283,12732.416643
15.955848,1001,12750.428411
3.311775,245,12755.703858
2.975464,124,12758.413498
17.367159,1001,12776.610445
11.091803,1001,12794.952333
10.558285,1001,12813.431863
8.840956,1001,12831.587593
8.786351,1001,12850.198118
5.838674,334,12856.549814
9.099366,644,12868.514142
9.708681,1001,12886.99398
7.698903,695,12899.779705
10.136286,1001,12917.718877
7.608766,279,12922.988133
-1.453144,1,12923.7697
16.126488,1001,12941.937499
10.52925,551,12952.064706
7.8814,683,12964.876055
19.641523,764,12978.574471
20.62436,1001,12996.893886
10.202192,1001,13015.64956
14.815819,1001,13034.123995
10.465998,1001,13052.574765
10.523612,1001,13071.22592
14.608795,1001,13089.570156
13.411614,1001,13107.524354
7.434303,320,13113.558117
13.285822,1001,13131.905749
11.052157,1001,13150.356901
19.469433,1001,13168.261525
10.769706,746,13182.118977
3.650215,152,13185.361463
4.036167,157,13188.582683
14.094689,1001,13207.350598
6.087773,233,13211.921809
8.224409,359,13218.488789
1.891041,90,13220.505136
26.9802,1001,13238.614038
29.617766,1001,13256.450423
15.204341,851,13272.052956
26.212283,1001,13290.055614
2.923573,117,13292.774287
22.701342,1001,13310.531499
5.717098,306,13316.704414
0.088505,1,13317.27248
13.18354,1001,13335.930804
20.048061,1001,13354.259276
10.759137,1001,13372.90028
15.333461,471,13381.447919
20.76786,1001,13399.795276
20.2226,1001,13417.765551
7.157352,402,13425.289966
10.138397,1001,13443.696588
2.048288,98,13445.94294
7.744295,265,13451.241101
13.432464,1001,13469.965674
18.637523,845,13485.610402
14.303862,880,13501.596222
9.358998,1001,13520.102465
9.855428,1001,13538.627189
11.03108,365,13545.487385
9.395556,372,13552.49317
14.481717,1001,13570.958567
10.268758,1001,13589.291454
11.992305,1001,13607.910794
20.251626,1001,13626.086731
11.194595,1001,13645.011193
8.378583,402,13652.690753
12.693488,1001,13670.89158
4.017796,145,13673.991829
8.763482,305,13680.10252
15.148943,1001,13697.888663
8.921119,1001,13716.770267
6.566698,301,13722.553334
22.514346,821,13737.437064
12.207582,1001,13755.782204
26.514021,1001,13773.63609
4.990856,187,13777.314082
5.305943,186,13781.087403
16.50693,951,13798.799829
13.19151,1001,13817.460757
9.540734,1001,13835.746318
9.653194,320,13842.148641
6.785436,213,13846.36533
19.699891,916,13862.791713
19.954584,877,13878.84593
18.406825,1001,13897.340274
13.527732,796,13911.829201
20.526422,1001,13930.111791
14.603817,1001,13948.414516
5.203763,419,13956.244833
18.106094,1001,13974.053542
13.734684,508,13983.563727
7.344119,327,13990.156138
8.937361,1001,14008.654675
11.056725,569,14019.204262
13.945165,1001,14037.086305
2.933973,232,14041.622767
6.286147,292,14047.229922
13.032896,1001,14065.679878
1.968452,121,14068.248423
18.554767,1001,14086.326486
8.284103,1001,14104.589805
12.472896,1001,14122.819157
9.625499,1001,14141.239659
6.386413,247,14146.060722
2.351658,159,14149.339142
9.989864,503,14158.619185
25.039259,1001,14176.898374
17.82823,891,14193.281326
4.1777,149,14196.348497
4.858613,248,14201.281874
17.770182,527,14210.809083
14.02551,669,14223.140675
13.11416,1001,14241.894614
10.198975,1001,14259.991391
19.174062,1001,14278.397565
7.781528,280,14283.706816
11.965593,413,14291.810039
8.089508,269,14297.235033
2.894893,112,14299.639608
10.749191,1001,14317.983577
12.640731,614,14329.296258
12.644314,1001,14347.969012
12.356698,390,14355.308671
23.193715,1001,14373.416394
18.536128,1001,14391.610682
10.751317,1001,14410.397343
10.320894,1001,14429.094759
13.573831,454,14437.555473
7.949107,796,14451.851215
9.52909,331,14458.27389
10.153833,1001,14477.095052
13.87899,700,14490.244297
20.431345,934,14507.308967
6.039598,326,14513.556825
9.880904,823,14528.776953
2.907064,139,14531.940637
10.151626,874,14548.398718
17.495963,1001,14566.765639
8.455387,1001,14585.21769
2.849138,119,14587.765689
7.550962,251,14592.983313
15.351346,1001,14611.910292
19.434839,959,14629.435792
10.008612,339,14635.858999
10.164474,1001,14654.529934
9.017219,1001,14672.693771
9.058435,789,14687.080344
8.920772,1001,14705.608275
6.073376,484,14714.58476
10.834136,416,14722.616505
-3.379935,1,14723.128266
9.937892,754,14737.020006
3.351226,277,14742.366876
19.093176,1001,14760.590217
11.819843,1001,14778.524184
20.231826,929,14795.633288
24.470185,1001,14813.863619
4.758425,325,14820.171686
9.679014,665,14832.375117
4.053089,205,14836.851948
10.747796,1001,14854.784142
3.38247,161,14858.086734
12.480536,1001,14876.582815
16.506156,1001,14894.998559
20.175664,1001,14913.033618
9.664487,339,14919.811638
7.601645,760,14933.894829
8.236543,535,14943.928108
14.624137,1001,14962.012879
9.844771,641,14973.928434
15.536761,1001,14991.808698
-1.162004,1,14992.332031
8.571396,1001,15010.428288
25.5087,1001,15028.538604
5.128486,350,15035.496249
10.800062,930,15052.585731
17.721228,1001,15070.952696
24.752179,1001,15088.647483
18.532218,565,15099.151883
6.089646,337,15105.72426
15.085411,854,15121.469841
8.371237,467,15130.254352
3.290713,133,15132.969615
12.445984,1001,15151.197405
4.366834,381,15158.393524
14.039124,1001,15176.709217
13.330205,970,15194.207589
13.362768,510,15203.945509
11.365105,705,15216.567772
15.326419,1001,15234.99736
6.67613,259,15240.026694
10.973282,1001,15258.407105
15.993032,1001,15276.726042
28.056447,1001,15295.065335
17.273047,520,15304.568577
13.76349,1001,15322.849597
17.177161,925,15339.688621
15.25251,1001,15357.977571
24.911643,900,15375.102571
3.79833,240,15379.88584
5.458073,318,15386.673627
9.502723,1001,15407.514372
14.800329,1001,15427.930212
14.212146,805,15444.293147
3.758947,303,15450.36659
13.824627,1001,15468.801223
18.205865,1001,15486.554502
15.542994,893,15502.8799
17.519397,753,15516.596475
4.770676,230,15521.219038
2.698208,161,15524.541368
8.059255,646,15536.910954
11.942104,1001,15554.876251
21.406329,1001,15573.289926
5.89915,199,15577.299508
13.641175,847,15592.807724
4.758382,237,15597.55872
0.068146,1,15598.106159
7.108365,408,15605.774179
15.864598,1001,15624.055248
3.287138,151,15627.218846
6.380286,394,15634.826338
10.165442,497,15644.015698
18.097228,1001,15662.048054
7.898988,300,15667.816469
13.012673,636,15679.88057
17.198765,1001,15698.462381
19.362193,1001,15716.946649
15.710764,1001,15734.861093
17.375481,953,15751.944995
8.945932,365,15758.917802
17.522973,1001,15777.128199
8.443417,269,15782.296822
7.476113,244,15787.107189
10.337147,1001,15805.458055
18.745082,1001,15823.038861
11.294166,1001,15840.805987
15.697389,634,15852.26102
13.507456,610,15863.756696
21.496047,1001,15881.564078
11.095234,1001,15900.011125
11.146315,1001,15918.081329
13.40599,937,15934.929719
11.653227,835,15950.187965
20.122585,1001,15967.852278
6.929369,219,15972.078237
10.497896,1001,15990.2946
15.137155,824,16005.424103
10.661982,630,16017.203906
4.896412,319,16023.059905
5.122596,324,16029.275793
13.266407,1001,16047.769575
5.594757,197,16051.681653
16.621314,979,16070.139079
25.401182,1001,16088.484357
17.747893,1001,16106.163912
7.827302,386,16113.506086
13.929337,1001,16132.447457
20.922144,903,16148.787506
4.120855,195,16152.718931
7.381215,245,16157.47225
22.012505,1001,16175.533885
18.379362,680,16188.260783
16.60982,746,16201.54213
10.931141,1001,16220.082511
13.33437,1001,16238.284822
12.030017,1001,16257.236719
9.799184,1001,16275.446602
12.414307,490,16284.513618
5.573534,190,16288.634433
9.861915,833,16304.3778
20.353721,1001,16322.766681
18.232898,1001,16340.996843
17.195797,1001,16359.118582
13.570433,436,16367.387851
15.860058,625,16379.298151
11.951929,1001,16397.74206
23.767773,1001,16415.856557
11.956481,1001,16433.427636
2.671559,298,16439.282162
19.00648,923,16456.112018
18.224746,1001,16474.030339
7.351541,265,16479.092121
11.459565,531,16488.754504
14.600042,914,16505.75588
8.530876,1001,16524.054678
11.244089,703,16536.839161
3.231219,146,16539.753692
22.599219,978,16556.485382
17.239935,900,16572.349265
12.270048,574,16583.336642
18.272352,659,16595.714152
15.440634,1001,16613.897979
12.771571,1001,16632.504325
7.282938,260,16637.731988
13.800878,719,16650.52561
27.990484,1001,16668.662899
10.841545,1001,16686.78665
9.091416,576,16697.69652
4.744047,337,16704.4202
18.556509,791,16718.754988
10.62727,1001,16737.014745
14.481529,1001,16755.166109
6.772995,712,16768.248443
30.394139,1001,16786.516796
4.86945,327,16792.744212
26.258752,1001,16810.963568
22.780372,1001,16829.037721
17.506932,1001,16846.997817
11.082255,1001,16865.619412
12.674217,1001,16884.598353
27.7641,1001,16902.27878
17.766239,1001,16920.687562
17.325739,513,16930.4381
22.042132,1001,16947.90437
4.053424,255,16953.016411
9.171739,1001,16971.408884
5.710933,235,16975.903349
15.078096,1001,16993.710184
12.674943,789,17008.383377
22.192879,1001,17026.29488
15.878101,1001,17045.366011
9.126589,1001,17063.40885
3.748653,161,17066.694529
6.835244,241,17071.761594
7.059571,553,17081.916678
6.447705,278,17087.299066
5.93308,287,17092.78727
14.0134,717,17105.661954
11.234448,1001,17124.432159
18.394181,923,17141.019091
4.137643,156,17144.223779
8.197936,342,17150.967631
15.431487,1001,17169.360624
8.548404,639,17181.587752
7.433809,559,17192.121343
5.486498,376,17199.326911
18.268819,1001,17217.461443
8.152489,316,17223.33943
4.893759,229,17228.090384
10.119623,1001,17246.492037
18.742079,745,17260.613
3.790181,137,17263.508998
24.910976,1001,17281.475991
10.135196,1001,17299.221915
6.794538,295,17305.240687
24.35439,973,17322.447068
24.434192,1001,17340.32058
16.040333,485,17349.280045
1.640681,104,17351.633819
9.648001,1001,17369.837313
12.491464,572,17380.705295
12.745648,643,17392.81271
6.179481,292,17398.538146
6.215489,435,17407.038711
14.570263,1001,17425.407413
14.470389,1001,17444.078757
8.852542,388,17451.302662
3.662759,149,17454.448248
10.5765,1001,17472.805347
13.777648,1001,17491.438636
10.663218,600,17502.45857
4.049471,323,17508.942166
23.539923,1001,17526.945587
29.573244,1001,17545.094353
9.970795,1001,17563.027261
9.610782,397,17570.83965
3.463466,140,17573.749006
31.963179,1001,17591.274859
20.85824,1001,17610.10146
10.113227,362,17616.805897
5.199042,209,17620.997172
21.079842,713,17633.736741
9.719815,1001,17651.972866
5.933976,451,17660.418169
9.991857,358,17667.091438
9.995149,314,17673.357991
19.812283,993,17690.653998
22.361648,1001,17709.063973
6.433253,696,17721.959901
23.847583,1001,17740.697637
17.713069,536,17750.824579
2.763338,154,17754.078972
2.822625,124,17756.832978
16.336974,1001,17775.010755
26.380475,1001,17792.896538
21.40892,1001,17811.393142
19.970847,724,17824.585546
14.512048,804,17839.792692
17.680148,739,17853.395091
17.436394,1001,17871.355083
18.212402,1001,17889.588715
25.593066,839,17904.495131
16.586204,1001,17922.687104
6.168736,233,17927.233759
15.894223,1001,17945.480775
5.577257,262,17950.592133
6.734404,280,17955.861215
2.874725,139,17958.825126
6.478001,408,17966.575608
21.86005,1001,17984.377187
11.335015,1001,18001.931967
19.230348,703,18014.762531
19.367612,890,18030.520137
24.258974,1001,18048.494137
10.141765,1001,18066.560302
10.928532,1001,18084.455155
12.398555,570,18095.108429
13.73007,909,18112.200774
17.420091,1001,18130.48048
10.645362,1001,18148.553664
5.982355,323,18154.593477
18.848461,1001,18172.495221
5.425989,284,18178.196254
2.24624,149,18181.239521
22.774668,1001,18199.367522
18.099758,1001,18217.298094
18.432332,1001,18235.686116
11.912335,1001,18253.860953
27.811619,1001,18272.12391
9.634667,1001,18290.816932
8.467606,479,18299.686419
5.326194,189,18303.37776
13.102758,414,18311.364509
5.860763,658,18323.549148
7.336839,386,18330.684203
4.273219,169,18334.141987
4.988673,162,18337.413355
4.372748,249,18342.125803
3.425474,138,18345.347277
10.712128,426,18353.00748
4.338824,175,18356.587957
19.730862,961,18373.771677
13.677245,418,18381.724696
15.709781,524,18391.208108
12.825222,1001,18409.657463
26.863857,1001,18427.829825
8.044556,336,18434.522552
18.619717,1001,18453.295629
20.923873,1001,18471.728173
12.728074,1001,18490.521912
14.375013,977,18507.721143
16.826871,744,18521.528613
9.152564,765,18536.073615
28.56508,1001,18553.808743
9.179144,1001,18571.415053
23.52623,1001,18589.689548
23.001445,1001,18607.139188
6.212952,265,18612.181949
4.200877,215,18616.45345
16.309849,1001,18634.974513
22.506141,1001,18653.62923
24.53257,1001,18671.612031
3.769797,316,18678.019406
20.358985,1001,18695.84615
9.490986,634,18707.526776
9.661553,1001,18725.956874
13.632415,689,18738.679204
2.642064,107,18741.134076
6.237674,251,18745.8336
15.799344,1001,18763.596059
14.867015,1001,18781.869253
24.626225,1001,18800.164149
15.584092,698,18812.711157
22.843053,1001,18830.894104
9.309107,1001,18848.952914
20.203308,1001,18867.359641
6.076483,362,18874.028692
25.794441,1001,18892.1544
11.412136,1001,18911.424094
4.993368,298,18917.30613
22.399167,1001,18936.525345
34.646394,1001,18954.297168
15.978628,1001,18972.554178
29.171407,1001,18991.292806
10.677358,1001,19009.846924
9.315728,1001,19028.011789
16.471076,1001,19045.913565
7.155527,431,19054.001142
12.608719,1001,19072.884692
19.67386,1001,19090.809973
17.054711,1001,19109.072388
13.079253,1001,19127.372603
8.238736,1001,19146.242184
16.409642,1001,19164.803822
24.281004,1001,19183.622911
12.846222,1001,19201.309908
14.874656,1000,19219.979841
10.356821,302,19225.660339
5.674185,175,19229.192781
10.472911,1001,19247.217468
25.693342,1001,19265.581516
15.829884,710,19278.491767
15.0253,1001,19296.791942
22.842812,754,19310.57292
2.114488,107,19312.963881
12.306019,1001,19331.192793
9.08506,484,19340.352842
20.875468,1001,19358.814388
9.774348,410,19366.459237
14.857251,480,19375.669857
3.244008,133,19378.498624
17.902359,1001,19396.135213
14.89124,525,19406.56639
20.733128,1001,19424.922204
16.993437,1001,19443.100123
26.430437,1001,19461.103188
3.979579,152,19464.47647
7.179179,326,19471.073114
18.435711,1001,19489.577565
2.616895,190,19493.512606
21.937127,1001,19511.511464
4.596871,158,19514.697694
8.946904,1001,19533.047471
17.835996,1001,19551.043717
7.561345,225,19555.423804
6.658345,516,19564.995285
23.491834,1001,19583.440628
29.356673,1001,19608.159271
6.752291,356,19615.803598
11.416004,420,19624.409858
3.444321,336,19631.4572
6.559225,307,19638.552876
12.862329,1001,19658.12515
11.228006,602,19668.507636
21.532751,1001,19685.672467
13.507146,431,19693.398685
23.839687,672,19705.242603
7.323832,278,19710.258157
-0.028518,1,19710.749262
23.4746,858,19725.878947
5.820317,184,19729.808662
24.087799,1001,19747.18186
19.994057,1001,19765.085351
14.486403,1001,19782.900798
4.076806,215,19787.259617
7.362803,1001,19805.020655
18.171573,1001,19823.308393
24.017604,1001,19841.575995
34.217803,1001,19859.633087
12.444838,1001,19878.243632
22.537585,1001,19897.113372
9.164325,1001,19915.466295
2.298048,152,19918.704193
27.280311,1001,19936.620443
27.629565,934,19953.959371
17.103567,1001,19972.778332
20.441696,868,19988.554106
8.14617,620,20000.323631
15.524644,1001,20018.861516
19.208392,738,20032.65059
19.883528,1001,20051.09003
22.376511,1001,20069.452899
6.52669,214,20073.903754
26.259928,1001,20091.854906
5.795381,422,20100.214422
24.978401,1001,20118.476626
20.799374,1001,20136.717983
22.970438,1001,20155.105185
11.039512,1001,20173.88907
13.939916,773,20188.395192
17.167755,1001,20206.524782
10.156917,1001,20225.640553
15.527013,622,20237.516279
7.617261,350,20244.37814
18.447179,1001,20263.209659
12.634412,367,20270.126169
20.513765,1001,20288.326125
7.475391,856,20304.330511
19.118126,633,20316.5197
22.274123,1001,20334.690787
20.730081,1001,20353.134252
20.725732,1001,20372.239666
10.449561,1001,20390.953207
24.293819,1001,20409.158301
3.703971,178,20412.913098
3.074026,213,20417.671289
10.302928,1001,20436.507054
14.483288,1001,20455.528354
21.652442,1001,20474.185124
13.337557,516,20484.022394
9.911069,1001,20503.013153
19.799028,1001,20521.727013
2.776095,142,20524.956886
24.447805,1001,20543.670057
17.784162,1001,20562.074704
7.600345,253,20567.08127
24.557944,798,20582.483375
10.784009,1001,20601.08777
10.360855,831,20616.812739
12.487069,1001,20635.475533
3.607184,153,20638.84388
19.510036,1001,20657.635522
7.652654,267,20662.864257
24.963398,1001,20681.566953
16.904703,1001,20699.981935
26.162507,1001,20718.102873
24.714177,827,20733.014038
13.067507,506,20742.462108
30.206516,750,20756.76343
7.71257,394,20764.198811
4.343479,162,20767.626945
6.671453,427,20775.696967
27.799556,1001,20794.471831
18.55794,1001,20813.39703
3.462809,137,20816.346388
14.015257,1001,20835.506067
9.491353,411,20843.550702
10.04791,746,20857.438133
2.71939,169,20861.3177
13.215337,1001,20879.643824
13.65772,682,20892.602847
6.917388,199,20896.781927
7.341721,461,20905.499014
3.877994,132,20908.355683
8.904545,309,20914.717594
6.200371,191,20918.56397
7.999122,1001,20937.303093
7.675465,277,20942.710379
21.905446,1001,20961.076947
24.934246,1001,20980.166465
3.856399,146,20983.508951
18.623225,568,20994.770052
25.839671,987,21013.593243
11.029581,1001,21031.930038
7.165043,327,21038.52179
9.125378,1001,21056.786305
22.018911,792,21071.384671
28.925741,1001,21089.675453
6.178405,191,21093.586763
14.800695,1001,21111.957096
19.001244,1001,21130.486008
10.953509,439,21138.504682
16.97201,1001,21157.265813
9.030262,246,21162.147878
2.953651,222,21166.576148
10.900029,268,21172.193522
12.232941,458,21180.961819
18.840318,604,21192.035973
19.958476,1001,21211.108505
24.659725,1001,21229.438016
23.686097,1001,21248.100214
3.978864,187,21251.984275
4.767661,200,21256.095876
9.734861,261,21261.404277
19.534936,1001,21280.093518
9.819508,1001,21299.029537
16.470155,577,21309.906623
9.017642,509,21320.110592
15.228899,572,21330.964986
28.155292,989,21349.220368
6.194577,245,21354.232662
5.089589,356,21361.161402
7.178379,660,21373.864599
18.339612,773,21388.258603
22.65482,1001,21407.190698
10.199198,1001,21426.221405
23.453202,769,21440.72477
14.053857,1001,21459.519685
26.885001,988,21478.195711
30.305672,1001,21496.502309
11.879505,925,21513.393865
13.986821,1001,21532.384361
11.388965,1001,21551.169158
13.131753,1001,21570.069308
26.541293,1001,21588.573316
13.947711,454,21597.116932
6.484169,232,21601.816323
29.852692,1001,21620.212712
17.130171,1001,21638.627358
6.972783,214,21642.976965
14.159135,715,21656.419099
31.739345,1001,21674.989555
23.265816,1001,21693.592566
17.343535,650,21705.737232
13.617034,1001,21724.305967
6.364944,386,21731.826684
3.920406,223,21736.29097
12.02873,453,21745.059448
-0.235125,1,21745.588873
5.01538,210,21749.824079
5.970439,218,21754.167468
17.322924,1001,21773.122969
26.817425,1001,21791.795152
30.397204,1001,21810.149655
11.980732,1001,21828.74245
20.847244,1001,21847.301
20.108826,902,21864.241781
9.08537,937,21881.635306
25.486603,876,21897.954759
14.363898,719,21911.58737
23.146206,1001,21930.229689
8.282846,1001,21949.393038
6.743976,205,21953.637898
16.952014,1001,21972.300752
27.130197,1001,21991.169153
16.048336,1001,22010.216761
5.410607,542,22020.744215
31.04468,1001,22039.627452
31.721177,1001,22058.185045
24.404965,750,22071.855172
35.397819,1001,22090.652543
27.836291,1001,22109.247488
19.683148,716,22122.275554
4.964664,191,22126.167695
16.331258,1001,22145.457583
0.105744,1,22146.002013
20.432303,1001,22164.867025
23.978792,1001,22183.056222
2.784665,171,22186.720592
20.998493,559,22197.260694
18.037521,1001,22216.340555
8.68423,253,22221.390827
9.400847,1001,22240.622332
8.271553,1001,22259.432451
11.2331,395,22267.117474
3.905052,141,22270.098056
17.152878,1001,22288.699626
26.922874,979,22307.401134
13.048412,1001,22326.165528
17.654922,539,22336.169886
17.753849,1001,22354.961561
15.732182,829,22370.160074
9.901748,1001,22389.021121
15.057108,1001,22407.681059
14.514187,440,22415.803879
4.287053,231,22420.678339
31.623147,1001,22439.229818
16.125691,1001,22458.03508
17.409627,1001,22476.771955
18.970858,1001,22495.152033
5.972306,230,22499.936471
7.382875,321,22506.262105
27.957775,1001,22524.840415
26.329808,1001,22543.230601
26.677739,947,22560.783444
29.05513,902,22577.243628
19.802692,1001,22595.840985
6.345794,370,22603.184583
17.028631,1001,22621.503982
13.529339,1001,22640.664282
7.350369,557,22651.834037
17.512515,500,22661.31512
29.4077,1001,22679.969181
9.679512,252,22684.802156
6.937397,192,22688.820771
8.459679,747,22703.083214
29.49485,1001,22721.502531
10.195844,304,22727.449095
11.32062,1001,22746.565747
24.852524,1001,22765.510313
21.913115,1001,22783.897977
17.765054,1001,22802.118569
14.162915,481,22811.177287
7.572759,726,22825.07646
18.827076,1001,22843.607906
30.79522,985,22861.595357
22.037968,1001,22880.03751
3.077183,153,22883.341579
34.013915,1001,22902.067748
1.923701,116,22904.771834
23.096989,675,22917.316739
17.075991,1001,22935.573531
13.420002,487,22944.839892
27.178545,1001,22963.404269
30.598846,1001,22981.873981
30.640061,1001,23000.567676
7.807278,253,23005.552503
4.779529,220,23010.038594
19.85023,1001,23028.9768
14.285241,1001,23047.733982
4.264842,178,23051.546371
15.750118,1001,23070.227874
8.565139,1001,23089.446047
10.388911,1001,23108.173886
11.476427,1001,23126.999701
3.230422,140,23130.008843
11.316246,599,23140.923456
17.206554,1001,23158.987135
10.616265,629,23170.463718
4.493678,155,23174.09793
32.646208,1000,23192.785283
29.811403,1001,23211.443558
31.088691,1001,23229.902464
26.006845,1001,23249.677729
5.443517,302,23255.786731
3.464921,149,23259.15338
2.115499,104,23261.702585
32.850554,860,23277.519517
2.552586,120,23280.194181
6.845006,604,23291.724217
29.362777,1001,23310.019149
12.181882,584,23320.824173
24.711258,1001,23339.315451
25.659115,866,23355.285565
14.492551,389,23362.636531
34.215389,1001,23381.284607
12.887441,1001,23400.482162
12.159331,1001,23419.791776
23.123581,1001,23438.34393
22.410166,870,23454.391322
29.156419,1001,23473.079233
20.098315,697,23486.256413
24.896012,670,23498.981469
21.942253,1001,23517.95733
4.283456,345,23524.521549
5.501049,192,23528.338164
31.907024,1001,23546.945728
11.063245,319,23553.207763
3.385752,133,23556.203632
8.917005,256,23561.378611
13.844755,1001,23580.214194
9.888493,299,23586.027874
2.138875,123,23588.698607
33.412814,1001,23606.920575
13.09249,546,23617.481737
16.162486,684,23630.227391
18.082005,557,23640.843936
19.612096,466,23649.837058
30.281098,1001,23668.554111
2.197556,128,23671.442367
2.358386,139,23674.428563
25.729846,1001,23693.138278
12.084281,526,23703.400314
4.677026,146,23706.523641
12.330352,355,23713.385004
36.434378,1001,23731.935855
23.281881,1001,23750.623266
16.560337,1001,23769.703389
10.227134,1001,23788.956482
17.946962,1001,23807.942413
4.736924,171,23811.854089
26.005279,1001,23830.61309
32.454851,1001,23849.531108
28.502271,1001,23868.132922
21.004562,535,23878.095819
6.531331,275,23883.560935
7.256865,229,23888.450956
17.04217,1001,23907.320078
8.593071,318,23913.54104
11.959625,442,23922.202506
29.985192,1001,23940.842482
8.677446,413,23948.59046
16.569455,656,23960.906957
17.834501,1001,23979.386564
24.74341,1001,23998.088945
6.499745,416,24006.032149
31.405862,1001,24024.733156
18.294752,1001,24043.260725
27.787976,1001,24061.866767
3.749395,223,24066.309695
28.71771,1001,24085.196668
8.396631,589,24096.298368
1.879061,104,24098.775275
5.221986,220,24103.202764
9.427441,353,24109.84391
12.494802,1001,24128.277373
20.444068,602,24139.86691
1.806628,95,24142.137809
4.955046,481,24151.088765
33.866978,923,24167.829263
11.739903,335,24174.341391
9.53034,261,24179.487868
2.74186,248,24184.410519
8.77744,242,24189.066457
8.616769,347,24195.866437
32.725872,820,24211.826106
5.29393,165,24215.481233
22.470955,821,24230.963118
12.635261,1001,24249.616118
6.768002,208,24254.134017
4.975063,278,24259.598338
2.117002,138,24262.613851
4.066204,139,24265.586361
16.420083,1001,24284.426825
23.309899,611,24295.345995
19.975531,958,24312.946647
3.104976,209,24317.225618
33.28225,1001,24335.761394
25.409968,1001,24353.886233
20.686064,648,24366.09087
16.890516,602,24377.393491
4.145322,153,24380.622252
10.956565,283,24386.402567
6.269083,190,24390.573157
18.021975,1001,24409.065703
11.140009,405,24416.816258
33.050942,1001,24435.531463
13.533962,422,24443.71788
3.18712,136,24446.666704
4.842474,174,24450.277505
15.528071,1001,24468.329567
18.338266,493,24477.215145
-0.880259,1,24477.822714
30.019389,1001,24497.053228
10.668562,1001,24515.628409
6.589511,192,24519.699425
10.044977,1001,24538.27867
18.535633,637,24550.263215
7.583961,437,24558.550508
2.862351,137,24561.478777
24.711343,1001,24580.05616
13.229934,388,24587.269949
7.443826,258,24592.213744
6.769206,200,24596.43284
4.923684,442,24604.629869
3.096275,158,24607.926628
4.690602,251,24612.818842
34.898865,1001,24631.463191
29.019414,1001,24649.629899
4.613397,241,24654.407526
24.119714,1001,24672.613219
12.986259,626,24684.439345
14.049665,708,24697.646457
17.085134,578,24708.828748
34.40857,1001,24727.290922
14.502758,393,24734.499215
9.444459,257,24739.407996
24.291786,948,24756.761782
20.209279,1001,24775.388445
1.563305,91,24777.527062
22.219356,807,24792.085994
30.375222,1001,24810.195291
35.170547,1001,24828.414818
3.590774,135,24831.388933
1.414168,90,24833.522209
16.954386,672,24846.047149
13.071913,324,24852.026052
21.435508,530,24862.459286
7.875131,219,24866.948771
18.551034,1001,24884.783254
8.473663,477,24893.966128
17.852423,519,24903.498572
30.645047,1001,24921.637905
3.946917,229,24926.131749
11.192623,442,24934.5257
22.602332,595,24946.133971
2.325207,166,24949.710987
2.569694,113,24952.20939
2.993311,156,24955.504003
6.220381,540,24965.552544
2.613193,152,24969.034123
6.365346,325,24975.312138
24.601238,1001,24993.783696
5.366906,224,24998.240484
2.893628,135,25001.197537
21.647748,779,25015.155058
0.980163,84,25017.087323
31.589262,1001,25035.702589
18.925886,680,25048.02418
31.170602,1001,25066.411221
6.054428,523,25076.418118
5.824795,187,25080.195391
9.939508,418,25087.978401
17.254213,462,25096.837246
-0.267965,27,25097.992693
21.410081,1001,25116.292231
8.486259,251,25121.269159
3.305825,146,25124.20892
13.928695,685,25136.692563
2.841977,147,25139.771635
26.110338,1001,25158.487497
29.08989,803,25173.81779
23.230793,768,25187.683278
4.663273,198,25191.784423
11.516087,288,25197.392354
21.209108,1001,25215.664274
3.948435,229,25220.23708
19.359258,597,25231.210091
20.713009,548,25241.351371
36.430855,1001,25259.717161
3.894087,225,25264.377961
6.003783,250,25269.575214
17.070639,1001,25287.983178
24.123453,609,25299.595578
13.05969,878,25315.575594
36.311455,1001,25333.742563
16.827778,1001,25352.391066
6.966873,196,25356.346503
29.71951,1001,25374.975882
3.66854,198,25379.071572
14.043009,1001,25397.775955
11.528875,329,25404.276992
27.674222,1001,25423.01918
31.688378,1001,25441.734817
9.915024,1001,25460.019157
2.55164,122,25462.823813
12.589985,352,25469.454503
16.454643,1001,25487.873359
12.603111,1001,25506.670767
24.844356,810,25521.735969
8.843297,247,25526.652283
10.791934,395,25534.202787
3.013804,124,25537.081222
22.33743,999,25555.392172
10.937364,551,25565.478354
10.100628,1001,25584.195645
12.857437,1001,25603.499568
12.724843,427,25611.775548
7.585111,781,25625.815763
2.485999,114,25628.364753
30.535236,1001,25647.109778
1.036686,83,25649.107757
17.64996,491,25658.42419
23.613513,1001,25676.463937
32.135145,1001,25694.717412
4.097139,172,25698.285416
29.521439,1001,25716.626785
9.575224,948,25733.943937
19.648316,1001,25752.318438
14.991124,452,25760.903321
9.441159,1001,25779.219911
5.934066,180,25782.786613
5.886943,190,25786.630387
7.131959,420,25794.457021
12.231691,1001,25812.909254
8.985373,473,25821.924011
14.09485,636,25833.99233
8.343307,249,25838.985057
27.863326,1001,25857.603522
22.635852,1001,25876.064791
9.724234,417,25884.294653
6.334636,219,25888.987612
10.322575,532,25899.205923
4.02653,144,25902.339504
26.613979,952,25920.236953
27.85825,1001,25939.632823
12.052586,318,25946.516017
5.378733,174,25950.597726
4.446942,154,25954.315375
5.452185,214,25958.894294
14.93644,717,25972.344823
26.610093,1001,25990.603335
22.462916,984,26008.964202
5.528176,504,26018.753505
1.453799,75,26020.607393
12.498004,437,26029.00924
23.612873,1001,26047.458014
6.157143,189,26051.368407
28.255097,1001,26070.84958
3.896679,176,26074.446558
22.950252,645,26086.587803
32.361352,1001,26105.088063
24.325184,1001,26124.244993
19.810378,589,26135.386735
24.534894,808,26150.198361
7.419615,218,26154.85826
5.417319,174,26158.87973
15.809239,761,26173.033505
33.238139,1001,26191.998444
12.383978,421,26200.055907
20.343107,773,26214.543247
28.600608,1001,26233.208099
6.914484,205,26237.312253
14.138978,1001,26255.869159
22.14862,800,26270.622942
11.65854,389,26278.65335
33.653383,1001,26297.175904
21.199716,687,26309.890455
16.667239,958,26327.704362
4.876852,197,26331.699972
21.491243,928,26349.043969
26.788395,1001,26367.228317
31.667661,1001,26385.564406
18.107213,528,26395.448191
2.797913,219,26399.940544
7.46945,768,26414.02235
7.374059,894,26430.592671
8.926861,262,26436.103654
15.977771,515,26445.718299
7.947817,237,26450.40664
8.751254,427,26458.672314
12.716528,325,26465.38403
34.184871,1001,26483.269622
18.974563,451,26491.90489
27.513264,1001,26510.315978
19.247581,633,26522.542516
4.720384,461,26531.259199
4.112548,154,26534.46924
29.636308,1001,26553.261343
20.045953,1001,26571.900613
6.917832,302,26577.671696
11.18321,455,26586.471789
11.869612,626,26598.295098
10.817771,382,26605.582751
12.343599,1001,26623.73385
22.724881,800,26638.449158
36.092085,1001,26657.298894
9.598381,293,26663.865479
12.636442,319,26671.008672
12.749084,338,26677.647982
11.007608,396,26685.054276
14.514434,426,26693.41458
31.429485,1001,26711.920701
11.939605,411,26719.798511
13.230067,634,26731.36438
16.716683,405,26739.466509
9.290849,240,26744.115225
19.934548,622,26755.521289
16.700431,756,26769.973061
16.628163,400,26777.835823
8.950416,325,26783.970483
3.405577,127,26786.73772
21.474297,1001,26805.598069
32.489694,1001,26823.768911
7.665326,221,26828.242306
6.113087,185,26832.285721
25.800741,1001,26851.158282
8.50567,391,26858.919403
35.163215,1001,26877.099131
23.133612,1001,26895.838592
2.059385,105,26898.360606
5.805242,406,26906.270139
8.369279,317,26912.856726
12.340116,504,26922.367425
13.557345,536,26932.806273
13.735347,462,26941.446428
15.144306,558,26951.837466
33.87926,1001,26970.178359
14.366559,590,26981.307599
10.392924,336,26988.011394
5.5329,432,26996.44033
0.033994,7,26997.174162
4.755593,202,27001.28527
10.041122,293,27007.195404
18.825605,845,27022.536603
0.071204,1,27023.115031
4.207503,157,27026.270927
12.462722,414,27033.901561
19.694549,1001,27052.043628
10.231381,268,27057.229069
36.620421,1001,27076.114
5.280141,321,27082.884424
22.172978,1001,27101.281317
6.777356,316,27107.464393
38.103171,1001,27126.202501
29.248425,1001,27144.624974
2.893557,124,27147.405927
2.883963,131,27150.512797
10.905481,1001,27169.661545
3.873756,205,27173.826237
5.997593,223,27178.589878
34.108996,1001,27196.815266
32.376846,1001,27215.860413
16.218899,483,27224.801594
9.621043,1001,27243.19895
18.191872,672,27255.844778
18.640357,577,27266.412963
14.710623,554,27276.693867
34.610115,1001,27295.31235
7.656125,640,27307.610021
5.528785,179,27311.23872
10.130927,1001,27329.69198
30.831612,1001,27348.303219
14.384649,426,27356.443368
12.331688,483,27365.593332
13.444013,364,27372.587197
6.071914,188,27376.465842
8.516916,961,27394.731731
4.088725,173,27398.329438
12.806255,329,27404.640953
5.768605,305,27410.995075
3.373556,312,27417.260895
4.5014,459,27426.019906
27.364629,1001,27444.996233
33.278652,1001,27463.707862
18.06229,631,27475.587091
5.832571,172,27479.042358
34.778528,1001,27497.257357
33.941503,1001,27515.73168
12.099163,474,27524.920402
28.238479,1001,27543.052227
6.410415,211,27547.701553
3.508276,146,27550.827354
7.996573,263,27556.083097
27.90116,1001,27574.893651
10.271752,1001,27593.814092
4.411433,429,27602.141714
8.711636,862,27618.131004
6.439438,351,27624.919589
19.76573,1001,27643.704802
9.005778,472,27652.957076
4.268837,198,27657.251325
5.15172,262,27662.454708
11.102843,617,27674.304185
-0.539752,20,27675.339991
2.036379,204,27679.832191
38.031294,1001,27698.350923
2.605143,279,27704.028767
38.124443,1001,27722.137344
22.463086,1001,27740.784145
4.653711,222,27745.223532
12.600649,1001,27764.208274
32.944966,1001,27782.709305
34.421343,1001,27801.270601
6.441977,190,27805.310608
26.752795,1001,27824.086555
34.818999,1001,27842.98146
3.085198,139,27846.092434
26.696498,1001,27864.558276
5.268768,169,27868.034505
27.3697,1001,27887.028079
27.184417,1001,27905.437629
31.567294,1001,27924.130106
6.10236,259,27929.260951
25.343195,1001,27947.787264
37.45159,1001,27966.179337
7.71476,221,27970.571071
38.611052,1001,27990.054612
37.288946,1001,28008.688793
0.098051,1,28009.221738
33.15476,1001,28027.663335
15.465608,472,28036.773778
2.985275,121,28039.727188
14.243352,369,28047.202598
34.052984,1001,28065.12326
29.001242,925,28082.390742
13.441874,363,28089.3936
26.059228,993,28107.856349
4.111331,166,28111.408403
36.588434,1001,28130.08365
8.7372,717,28143.546368
2.514879,118,28146.355586
27.613603,647,28158.326692
15.597149,385,28165.769254
30.911464,1001,28184.216385
9.509103,276,28189.747281
34.391517,1001,28208.222393
31.822143,1001,28227.069953
6.412632,227,28231.970726
33.741269,1001,28250.359392
37.821509,1001,28269.170713
1.496233,100,28271.573498
4.227905,202,28275.758388
3.229563,140,28279.079198
39.302877,1001,28297.673183
14.066844,363,28304.824265
15.738434,1001,28323.23692
5.977576,250,28328.319307
10.000168,1001,28348.011075
27.951836,854,28364.31758
35.420234,1001,28382.925766
17.504522,536,28393.44849
27.409436,1001,28411.500147
5.68512,174,28415.130653
6.261292,228,28419.834847
23.312142,1001,28438.329434
2.847679,318,28444.725114
14.680583,1001,28463.463942
15.891549,1001,28482.232308
13.837949,470,28491.16404
2.260909,173,28494.607133
24.583824,594,28505.936935
31.223156,1001,28524.59998
32.729495,1001,28543.543975
37.539657,1001,28562.259948
3.35401,175,28565.952215
11.067764,1001,28584.369618
0.051578,48,28586.210699
28.642941,1001,28604.750091
6.055466,337,28611.186649
11.617671,457,28620.140164
27.03332,1001,28639.275053
37.283014,1001,28657.594476
-0.238111,1,28658.147877
7.621752,318,28664.650912
4.754941,382,28671.9788
10.703104,511,28681.518553
32.920995,1001,28700.197781
34.139294,1001,28718.756127
2.607743,114,28721.277298
39.36504,1001,28739.581683
3.318319,311,28745.582992
4.899174,193,28749.525975
15.901883,464,28758.306084
15.344757,646,28770.726515
8.282428,225,28775.30421
3.696177,185,28779.154073
32.7746,1001,28797.972087
30.7904,1001,28816.855194
10.001719,374,28824.059198
2.455362,154,28827.35884
32.54735,1001,28845.525841
31.13868,1001,28863.711722
29.294459,1001,28882.286175
35.782763,1001,28901.087145
6.978712,228,28905.77819
12.276046,357,28912.869401
1.07303,77,28914.827365
34.467314,835,28930.071494
13.596896,329,28936.553279
24.961823,1001,28955.155725
3.233898,128,28958.058001
5.117231,270,28963.491949
36.06766,1001,28981.549381
2.239636,105,28984.009092
28.359912,1001,29003.103734
26.308738,1001,29021.668044
7.283642,209,29025.770906
15.926558,427,29033.930142
4.386548,176,29037.55404
10.175682,1001,29056.710318
18.495352,1001,29075.79544
3.949337,193,29079.768506
8.037954,385,29087.147941
2.116944,134,29090.105036
1.716166,99,29092.306089
9.356439,255,29097.448
5.963424,237,29102.742929
3.411119,122,29105.532637
37.317908,1001,29124.042519
2.073806,102,29126.356628
16.58777,452,29135.03093
13.660559,1001,29154.259796
3.230253,135,29157.325761
35.205213,1001,29175.611366
34.614401,1001,29194.164511
17.017398,392,29201.628182
21.865156,1001,29220.521474
21.286241,1001,29239.577319
7.530329,217,29244.005872
6.160382,195,29247.907386
31.537921,1001,29266.625356
28.103095,1001,29284.848857
7.359532,426,29292.994998
10.761562,1001,29311.221522
33.826607,1001,29329.852575
25.740963,1001,29348.32078
8.083908,224,29353.161873
2.825381,121,29355.854561
4.342663,161,29359.118698
6.139365,338,29365.554743
25.111419,1001,29384.141544
9.243679,277,29389.514907
28.870545,1001,29407.994637
7.66848,411,29415.883033
3.125822,283,29421.636266
35.176155,903,29438.185216
32.200045,1001,29457.262775
36.821703,1001,29475.793873
13.672948,385,29483.399649
38.561472,1001,29501.947383
2.276163,154,29505.307115
30.1086,1001,29524.46518
33.774495,1001,29542.945527
34.89698,1001,29561.724385
3.22198,146,29564.765642
3.968458,146,29567.778569
29.922275,855,29583.34738
33.184661,1001,29602.043584
4.563192,171,29605.75133
8.290693,1001,29624.582334
33.272572,1001,29643.080248
5.513447,576,29653.515147
6.12246,269,29658.65209
10.08854,301,29664.453105
33.33493,1001,29683.205573
4.837069,178,29686.872559
15.876281,381,29694.285942
3.410269,265,29699.866783
33.222424,1001,29718.371431
10.336418,377,29725.88844
1.721197,93,29728.195767
23.319847,644,29740.252085
11.812825,1001,29759.045579
33.973434,1001,29777.661959
19.158056,482,29786.619224
26.014602,842,29802.491766
3.16149,203,29806.750255
25.136311,662,29818.976423
31.057668,767,29833.891516
31.253414,1001,29852.126937
16.840213,658,29864.758998
9.558213,310,29870.81726
9.276456,1001,29889.219834
42.667483,1001,29907.689697
13.678695,395,29915.257727
12.057653,486,29924.300183
32.890391,1001,29942.655036
40.451118,1001,29961.895754
31.878387,1001,29980.716338
1.688752,119,29983.480155
40.866592,1001,30002.06997
4.457025,187,30006.108084
18.046188,592,30017.375886
14.943422,401,30025.152948
6.858222,331,30031.808049
45.090429,1001,30050.089219
34.60954,1001,30068.679824
3.87579,159,30072.004918
10.930873,485,30081.299646
10.287517,1001,30100.20018
40.629864,1001,30118.346605
34.058233,1001,30137.32879
9.72485,313,30143.339308
34.729627,1001,30162.50431
38.911486,1001,30181.179987
42.465921,1001,30199.511838
40.287237,1001,30217.891388
6.079714,187,30222.188497
9.918782,253,30227.147084
10.899959,1001,30245.339713
21.643752,935,30262.306493
0.101921,1,30262.848351
38.330139,1001,30281.687507
34.625196,1001,30299.942126
12.631155,384,30307.807908
37.172477,1001,30326.089121
6.195363,254,30331.276314
7.016912,228,30336.178443
15.579207,1001,30354.498181
8.119407,1001,30373.546374
32.278235,1001,30392.047205
7.755935,235,30396.660128
7.132982,216,30401.167767
3.400273,170,30404.671709
2.982923,305,30410.757343
41.053909,1001,30428.924748
14.797737,477,30438.409872
27.127597,903,30455.138995
25.457207,1001,30473.862235
1.866401,149,30477.121084
26.604903,1001,30495.699873
7.354521,461,30505.168519
0.088768,1,30505.766587
37.54226,1001,30524.343093
5.438787,265,30529.424916
43.324518,1001,30547.589725
39.238845,1001,30566.117585
2.543361,123,30569.034521
22.863788,1001,30587.770136
4.451456,159,30591.128169
38.312058,1001,30609.253355
34.003419,1001,30627.535941
2.085839,110,30629.956545
18.27951,1001,30648.538859
39.710231,1001,30666.419893
7.334512,387,30673.926377
3.357359,356,30680.877091
3.58162,120,30683.519377
37.817843,1001,30702.217444
2.981853,118,30704.973992
26.759315,676,30717.463908
11.723867,1001,30736.510116
15.081368,1001,30755.267769
34.193417,1001,30774.274303
9.35356,1001,30792.919773
2.013825,98,30795.229862
37.831119,1001,30814.141821
40.399388,1001,30832.576568
30.799107,1001,30850.702414
0.068414,1,30851.471303
2.982897,121,30854.363425
17.45664,709,30867.841855
3.367314,159,30871.274103
11.297335,288,30876.726154
16.095178,695,30889.999217
30.272219,760,30904.43103
5.305893,194,30908.237481
5.423232,175,30911.755936
19.84306,491,30921.002906
15.860619,534,30931.348835
32.267223,1001,30949.815286
28.179174,1001,30968.340158
5.143976,206,30972.524991
12.947804,395,30980.212873
37.776221,1001,30999.040457
14.600401,423,31007.105753
6.495876,202,31011.371381
35.603742,1001,31030.420825
8.921253,262,31035.973992
2.349893,164,31039.751102
35.135566,1001,31057.941151
38.220159,1001,31075.77265
10.44954,304,31081.680691
34.485907,1001,31100.17874
12.42464,481,31109.765818
34.798286,1001,31128.324319
12.158911,401,31135.870611
13.341331,323,31142.008016
39.723963,1001,31160.554212
9.377548,324,31166.866829
3.713713,150,31170.149766
33.589178,901,31187.412681
1.85928,101,31189.763618
2.963214,118,31192.42019
37.37007,1001,31211.147309
7.821924,280,31216.625993
43.294786,1001,31234.853168
6.271482,224,31239.622977
13.731745,422,31247.708042
3.269704,157,31251.038493
9.008975,362,31258.258161
10.935673,433,31266.531215
3.1029,142,31269.609325
1.95131,122,31272.333215
4.782818,185,31276.094375
28.797115,1001,31294.880497
37.708773,1001,31313.471979
22.595225,825,31328.506441
5.154325,269,31333.855399
17.032485,451,31342.630585
10.554095,320,31348.612467
37.63484,1001,31366.908243
36.022306,1001,31384.950495
6.70227,291,31391.030305
9.614495,354,31397.816405
9.577535,268,31403.230707
32.917858,946,31420.975906
40.715352,1001,31439.951175
42.729165,1001,31458.431991
15.717343,488,31467.731841
4.424595,152,31470.89713
3.133665,130,31473.731985
0.087195,1,31474.329052
33.437791,1001,31493.198994
5.454054,164,31496.783571
37.694238,1001,31514.456861
21.488897,511,31524.48478
39.312824,1001,31543.251768
38.220969,1001,31561.699026
34.098927,1001,31580.273973
15.159444,1001,31599.238833
18.257397,1001,31617.982535
29.187184,1001,31637.473297
34.025012,1001,31656.378879
5.465875,184,31660.123437
7.643397,227,31664.776806
2.815734,122,31667.472744
37.941685,1001,31685.989387
2.956352,131,31689.042005
32.677122,1001,31707.913204
1.449088,108,31710.415599
30.062536,1001,31729.46943
37.571589,1001,31747.488786
10.160596,295,31753.314015
42.263807,1001,31771.330225
30.415529,788,31785.978286
7.550391,246,31790.901852
27.142909,1001,31809.484878
12.518647,412,31817.23992
14.468101,418,31825.164786
36.013659,850,31840.783696
10.271231,289,31846.359521
1.520668,118,31848.956748
32.863902,1001,31867.785907
36.649312,1001,31886.648844
37.783779,1001,31905.005437
2.025906,97,31907.28075
37.965519,1001,31926.129157
10.597771,277,31931.565752
15.655757,396,31939.167848
41.590304,1001,31958.138246
0.101073,1,31958.714448
7.592189,280,31964.237923
9.541442,255,31969.49643
38.599273,1001,31987.872309
6.076349,202,31992.052686
41.165958,1001,32010.785347
2.582742,130,32013.708824
36.476086,1001,32032.389639
38.502084,1001,32051.016742
38.369721,992,32069.098392
20.360059,609,32080.706282
3.13105,125,32083.507972
39.242225,1001,32101.873582
8.948692,286,32107.673789
6.933948,214,32112.167078
17.022433,1001,32131.030378
2.325646,240,32135.859252
33.40447,1001,32154.216123
8.631466,246,32159.359887
34.988589,915,32176.303361
1.693085,91,32178.43708
17.110179,391,32186.030768
40.601197,1001,32204.62187
2.840079,128,32207.688122
39.439957,1001,32225.961302
17.136826,692,32239.727462
9.017322,243,32244.603986
43.562988,1001,32262.666915
35.197238,1001,32280.931169
3.856947,168,32284.832899
1.801016,144,32287.972905
1.718239,101,32290.26133
13.212846,1001,32309.482059
38.051303,1001,32327.859855
6.455781,230,32332.375682
1.98903,94,32334.526658
25.394966,656,32347.259525
33.361697,1001,32365.47447
10.478374,261,32370.910015
36.861642,1001,32389.497755
24.507942,904,32406.207421
6.769987,205,32410.4921
45.156128,1001,32428.789929
12.820582,1001,32447.75958
6.293591,199,32451.810483
4.899335,173,32455.406114
6.090707,220,32459.96479
3.846925,341,32466.572098
26.632998,635,32478.568098
7.972697,807,32493.725125
11.051851,1001,32512.289568
13.260348,1001,32531.13757
3.477159,151,32534.315722
29.997996,1001,32552.844202
6.657025,267,32558.076423
16.680912,442,32566.387425
5.136655,191,32570.217293
10.298489,253,32575.226373
1.704706,96,32577.420324
39.771948,1001,32595.969153
8.079797,324,32602.434406
10.422212,304,32608.707141
10.642541,280,32614.302509
0.08337,1,32614.886623
4.444087,157,32618.284409
17.069627,1001,32636.925384
6.93599,188,32640.927548
39.105081,1001,32659.624758
4.996183,164,32663.078804
17.621242,420,32671.088332
13.06242,325,32677.243754
41.469998,1001,32695.841977
31.573762,1001,32714.163232
3.106957,130,32716.982175
35.324178,1001,32736.295874
40.639841,1001,32754.649961
33.665656,843,32770.206178
31.626117,824,32785.779558
3.482975,134,32788.827925
9.119165,242,32793.641775
40.9197,1001,32812.191455
16.549734,575,32823.453444
16.580308,419,32831.753088
27.360608,1001,32850.902828
32.912686,1001,32869.130275
35.642831,1001,32887.815645
38.190337,1001,32906.116715
34.681681,853,32921.675563
38.780221,1001,32940.299005
5.09143,253,32945.292086
5.28707,506,32954.681937
11.710084,1001,32973.795504
10.269564,312,32980.050241
26.624865,796,32995.195869
2.852394,269,33000.591191
2.429446,195,33004.608376
22.293619,726,33018.300956
38.572837,1001,33036.918326
11.971883,1001,33055.661304
42.691631,1001,33074.448058
17.45191,435,33082.537974
1.911764,97,33084.671404
37.71167,1001,33103.132615
3.926138,141,33106.085277
15.482367,424,33113.908285
8.806338,275,33119.326553
7.877091,238,33124.02492
6.989488,231,33128.690008
7.014562,206,33132.943301
2.75804,158,33136.589628
36.461195,914,33153.284256
30.184762,1001,33172.463604
10.617107,306,33178.468558
21.123313,518,33188.398665
23.950408,532,33198.375668
4.420199,151,33201.583288
37.491658,1001,33219.891965
36.918919,1001,33238.390005
37.296156,1001,33256.529628
13.299742,325,33262.961922
16.670691,1001,33281.727392
42.26796,1001,33300.822317
9.500227,1001,33319.671832
13.871061,419,33327.836028
5.196276,448,33336.460535
42.180143,1001,33354.993013
5.975933,203,33359.132417
8.443702,221,33363.572245
12.537598,583,33374.738684
31.864027,1001,33393.152949
44.014143,1001,33411.822522
5.705916,183,33415.569276
31.302888,1001,33434.341038
4.875287,175,33437.915891
14.389797,344,33444.490429
6.06602,248,33449.402211
10.529796,319,33455.898758
3.762583,313,33461.972044
38.114411,1001,33480.492815
37.876422,1001,33498.868466
7.86421,209,33503.173197
9.240173,308,33509.408237
5.623694,338,33515.981871
4.723319,215,33520.247492
8.708078,274,33525.558472
5.662153,176,33529.208815
8.80526,1001,33547.80318
17.836922,1001,33566.468375
10.58705,309,33572.310414
29.498874,1001,33590.96624
6.275655,205,33595.081461
5.95954,182,33598.694176
35.928851,1001,33617.410535
38.546567,938,33634.45758
10.077914,300,33640.313239
9.703629,902,33657.529233
7.082598,193,33661.766765
36.700869,1001,33680.215074
2.3803,183,33684.281125
16.399748,734,33697.931972
10.135561,579,33708.730176
7.983617,227,33713.664664
11.947314,390,33721.141533
33.298346,1001,33739.624637
2.609129,111,33742.167777
5.756554,182,33745.871162
10.92667,293,33751.59435
7.60302,443,33760.08691
15.914558,441,33768.619704
2.995865,125,33771.250952
12.772813,327,33777.260509
4.377612,168,33780.776228
36.879501,1001,33799.653325
41.278007,1001,33818.282519
14.839416,1001,33836.666082
4.800052,163,33840.194249
16.319566,417,33848.583675
2.854265,194,33852.628843
27.062088,730,33866.042162
2.670112,108,33868.465055
6.83101,345,33875.611956
4.290118,423,33883.69818
7.560441,221,33888.093747
34.857507,1001,33906.641462
13.110649,344,33913.685568
6.357501,271,33919.037352
11.032458,311,33925.592068
43.285652,1001,33944.109418
5.161692,185,33948.015214
19.708601,517,33957.581533
21.530596,1001,33976.182072
8.25818,234,33980.81658
9.975671,1001,33999.774062
7.079383,203,34003.968579
34.07407,1001,34022.168832
10.531108,260,34027.657245
5.346726,163,34031.127286
10.247016,274,34037.026293
14.220123,455,34045.616439
39.431768,1001,34064.07366
38.609694,1001,34082.679415
20.52715,1001,34101.238097
37.266022,1001,34119.834604
3.576609,183,34124.124315
35.726344,849,34140.221993
8.680639,446,34148.465003
43.55365,1001,34167.202609
19.790849,494,34176.837528
10.898177,443,34185.4165
41.281657,1001,34203.935172
29.834306,675,34216.778307
4.272192,204,34221.137371
0.082487,1,34221.740694
2.439554,99,34224.165984
17.426416,1001,34242.479937
4.778815,175,34246.260126
8.004069,216,34250.638083
42.061454,1001,34269.313461
36.040441,1001,34287.819995
1.603573,88,34289.897979
4.822516,226,34294.289203
41.151608,1001,34312.661664
7.062783,194,34316.43949
9.063327,243,34321.46303
37.458164,1001,34340.009426
35.541952,1001,34358.003931
4.455826,185,34361.832711
14.804244,374,34369.053157
18.741464,1001,34387.874326
43.239215,1001,34405.807862
3.17832,126,34408.532581
5.331742,170,34412.316375
31.818612,1001,34430.676996
39.927268,1001,34449.084921
39.044518,1001,34467.718081
40.308633,1001,34486.080312
38.668593,1001,34504.068733
34.948019,947,34521.662079
33.484883,1001,34540.442776
12.903755,332,34546.937038
36.643007,1001,34565.339361
7.162539,257,34570.662748
41.963004,1001,34588.81564
4.642868,183,34592.913349
38.238429,1001,34611.300377
11.831691,273,34616.697084
25.813365,653,34628.669171
9.581895,267,34634.188753
44.422634,1001,34652.988903
6.086742,210,34657.309305
6.014426,659,34669.853716
34.334336,1001,34688.298536
39.87538,1001,34707.162635
2.823402,143,34710.261657
3.11884,144,34713.240018
2.92769,253,34718.26664
1.730148,94,34720.557765
3.867984,152,34723.74759
44.264989,1001,34742.032229
16.236104,1001,34760.83102
44.665448,1001,34779.296762
2.807857,127,34782.055763
1.871458,96,34784.293031
22.928672,1001,34803.373824
4.978454,162,34806.747039
28.222728,1001,34825.65078
15.189865,430,34833.857183
20.700076,495,34843.392732
3.231644,161,34846.814958
4.391614,136,34849.672245
20.087613,1001,34868.254043
43.817393,1001,34886.386773
38.236496,1001,34905.101527
5.07733,177,34908.747256
33.770464,1001,34927.205744
37.759977,1001,34945.744044
8.919225,237,34950.57705
4.290204,157,34954.224238
2.646686,121,34956.859888
4.220446,161,34960.40793
8.194717,234,34965.106529
2.504055,129,34967.952807
1.891129,149,34971.188731
1.872745,104,34973.606649
7.610656,244,34978.331873
5.405498,177,34981.89432
4.145654,170,34985.400019
26.881332,1001,35004.157722
5.351558,190,35008.179596
2.67196,152,35011.455756
7.302012,498,35021.383943
4.55918,158,35024.687693
40.164145,1001,35042.89989
11.614829,301,35048.951229
41.746226,1001,35067.251289
4.000405,274,35072.808675
42.873269,1001,35091.288711
11.25158,288,35097.343921
41.925854,1001,35115.909782
9.133225,247,35121.029328
36.464503,1001,35139.230941
19.177481,1001,35157.732713
2.149541,104,35160.104322
9.374153,250,35165.06122
33.675858,1001,35183.739277
47.162735,1001,35202.573054
41.104446,1001,35220.80663
3.747489,215,35225.301052
10.562473,261,35230.473547
34.732413,1001,35249.365283
5.276934,174,35253.521072
25.764941,554,35264.017069
2.398903,113,35266.550158
40.726542,1001,35284.6664
17.418579,477,35293.795555
43.30066,1001,35312.318257
13.372987,1001,35330.78333
11.778584,422,35338.843565
10.310888,351,35345.65815
2.117336,132,35348.60674
5.199746,166,35352.041059
2.505909,110,35354.502709
7.295293,223,35359.417668
22.577138,530,35369.652297
4.467895,146,35372.721804
38.852703,1001,35390.756666
30.00025,1001,35409.394738
40.988801,1001,35427.548362
30.590574,1001,35446.126284
7.044501,610,35457.878693
16.663911,1001,35477.444094
3.499797,357,35484.567991
8.771315,330,35491.282526
43.063541,1001,35509.43366
41.906835,1001,35527.750431
5.763423,171,35531.38004
36.768071,1001,35549.755818
8.354484,338,35556.358841
15.532232,492,35565.508739
39.988166,1001,35583.917283
9.324229,267,35589.19108
1.971376,107,35591.689041
13.070713,402,35599.525191
12.275193,596,35610.880637
45.943703,1001,35630.021945
6.080375,203,35634.211324
33.252421,1001,35653.063319
5.377355,205,35657.32182
9.635935,1001,35676.330256
2.183733,168,35679.989393
3.330273,125,35682.809377
2.299821,129,35685.694972
25.561816,687,35698.483592
47.270364,1001,35716.371948
5.819941,223,35721.137614
8.044352,213,35725.447175
2.845731,123,35728.160094
1.992408,123,35730.903949
17.664798,414,35739.010871
1.244497,70,35740.86604
18.252645,1001,35759.355084
17.63969,516,35769.596569
12.957098,305,35775.516899
9.389558,323,35781.683495
2.571115,120,35784.305544
7.51092,239,35789.371984
4.664806,200,35793.981391
39.65133,1001,35812.5751
4.669844,560,35823.665652
12.359447,374,35830.786628
9.086068,252,35836.107908
8.128187,416,35844.469092
4.609721,244,35849.469343
19.090385,494,35859.00796
14.623272,356,35865.952512
5.520452,159,35869.597491
4.610027,760,35883.913551
43.622028,1001,35902.575337
46.870249,1001,35920.969091
1.873486,102,35923.344123
0.569186,42,35924.781495
12.133342,279,35930.642488
40.204447,1001,35949.099883
40.181127,1001,35967.741974
4.150483,168,35971.318266
2.056949,137,35974.365541
8.971579,824,35989.693316
8.174291,291,35995.415427
24.688981,1001,36014.478966
36.931244,1001,36033.087089
9.845598,1001,36052.543307
1.958495,101,36054.93751
9.114476,257,36059.972563
28.179959,885,36076.329991
32.750247,1001,36095.019462
8.364677,594,36106.574004
2.329414,128,36109.312201
1.732583,106,36111.662302
5.334968,195,36115.649064
10.264091,252,36120.51323
43.29952,1001,36139.042201
3.35599,130,36141.946675
6.104325,212,36146.297247
10.575984,309,36152.278409
11.169211,273,36157.630778
2.558869,145,36160.78264
16.605319,411,36168.832613
24.453464,533,36178.933877
12.88658,307,36184.87777
6.559313,668,36197.614162
34.845913,1001,36215.809872
42.679245,1001,36234.362729
8.200912,254,36239.582838
34.785672,1001,36258.190389
11.957991,490,36267.258316
1.858255,112,36269.932158
34.909585,798,36284.429474
7.377466,209,36288.589835
9.535787,1001,36307.62535
2.983699,148,36310.741917
3.948308,139,36313.722396
2.038115,112,36316.192606
44.715452,1001,36334.802621
12.267212,353,36341.598246
5.794805,176,36345.389728
3.024927,123,36348.324497
39.239702,1001,36366.674985
12.829337,1001,36385.546552
3.259796,166,36389.275323
11.868603,304,36395.162927
6.703444,185,36399.32858
13.636784,349,36406.08761
12.36993,392,36413.711449
7.460966,210,36417.96476
25.799213,708,36431.286627
1.967134,115,36434.15589
48.003001,1001,36452.689225
41.898861,1001,36471.155002
2.195991,155,36474.416152
4.587622,170,36478.162508
36.938045,1001,36496.510068
2.128373,123,36499.358722
1.90628,88,36501.611691
42.284862,1001,36519.954857
29.188392,909,36536.663544
8.051364,377,36543.943908
37.708025,1001,36562.831709
5.871848,172,36566.455371
43.071665,1001,36585.267857
39.712941,1001,36604.308091
36.161664,930,36621.781015
41.185918,1001,36640.497578
8.886626,1001,36659.780796
3.051463,134,36662.763484
5.892172,177,36666.682205
4.7901,160,36670.094273
14.439447,366,36677.31574
40.304836,1001,36696.246623
13.749334,407,36704.161348
13.696212,334,36710.577467
22.190232,577,36721.570299
6.801514,207,36725.711901
1.886913,89,36727.756089
8.939623,299,36733.474827
10.522711,405,36741.188028
9.28971,254,36746.246432
7.963766,249,36751.10077
5.850388,174,36754.753061
4.796703,146,36757.90786
37.959043,1001,36776.618076
18.376861,520,36786.894153
41.820871,1001,36805.495921
3.996901,228,36810.284883
23.779388,613,36822.308279
8.20092,212,36826.700841
1.969245,109,36829.183736
-0.158704,1,36829.798808
40.922722,1001,36848.448815
42.254708,1001,36866.636242
12.469256,357,36873.687708
5.6812,168,36877.129764
3.272975,126,36879.902414
6.494058,364,36886.984133
9.9913,269,36892.337909
4.69334,150,36895.800944
13.531034,384,36903.106247
45.054598,1001,36921.575616
5.4546,183,36925.304319
7.790686,274,36930.708344
10.225697,966,36949.001219
32.966819,1001,36967.469558
40.221654,1001,36986.122989
37.021103,1001,37004.818057
7.382621,209,37008.987683
32.413168,1001,37027.638621
7.197021,488,37037.022565
2.218457,109,37039.564515
5.167218,188,37043.687374
3.393065,125,37046.369121
1.891266,88,37048.366642
18.540406,565,37058.833317
9.727409,268,37064.050931
40.971151,1001,37082.785187
10.134602,291,37088.511394
45.566698,1001,37107.163304
3.463859,125,37109.878739
31.638946,1001,37128.561112
3.785756,148,37131.853082
38.689135,1001,37149.359234
39.768682,1001,37167.779124
4.447683,152,37171.078997
22.736246,1001,37189.800177
32.834795,910,37206.324169
37.11165,935,37223.889425
2.420117,103,37226.192862
34.785542,1001,37244.624059
6.284829,194,37248.561224
0.923812,59,37250.153153
2.675441,123,37252.842977
7.552598,205,37256.961181
1.87996,101,37259.242879
21.282853,529,37268.948089
40.723269,1001,37287.85058
2.165639,162,37291.323418
4.200459,147,37294.487803
1.78142,96,37296.734352
35.979999,1001,37315.560988
12.916088,315,37321.415085
39.925725,1001,37339.291453
1.910681,103,37341.635979
33.286913,859,37357.299047
5.881025,556,37368.068656
7.03419,203,37372.341346
10.766438,269,37377.553954
42.761971,1001,37396.084735
33.052412,726,37409.247616
24.350345,642,37420.969068
3.22316,122,37423.570685
6.045113,195,37427.64609
1.261389,76,37429.527961
19.093556,490,37439.061646
42.291348,1001,37457.546963
38.188295,1001,37476.421375
39.805479,1001,37495.151158
14.98946,358,37501.997845
12.935311,1001,37521.252884
4.389064,150,37524.398768
14.552496,352,37531.036924
16.567007,401,37538.559709
10.94243,357,37545.777265
4.07274,154,37549.068458
38.354731,1001,37567.233945
5.461177,164,37570.969637
5.601969,161,37574.607517
10.663113,271,37580.013152
4.491923,153,37583.365183
37.18929,905,37600.241061
9.428336,1001,37619.010099
11.282069,281,37624.688416
9.548745,298,37630.43753
6.064877,595,37642.610375
13.354277,388,37650.362309
17.811839,402,37657.807898
2.701889,116,37660.442185
6.221914,216,37664.719958
1.348766,87,37666.809745
3.420717,120,37669.445492
16.011215,387,37676.750872
6.695007,190,37680.708538
3.149281,129,37683.58399
21.14284,551,37694.442356
33.339198,1001,37712.712883
-4.35104,1,37713.289553
27.375502,790,37728.866166
39.832852,1001,37747.167173
3.6151,159,37750.628283
10.613046,368,37757.850962
29.058805,856,37773.561995
5.517765,175,37777.089926
5.868388,200,37781.202762
22.35479,562,37791.899796
6.724941,193,37795.78252
3.326073,130,37798.796627
44.835082,1001,37817.298144
3.005237,127,37820.095501
4.69153,159,37823.367596
9.19427,242,37828.547235
41.255993,1001,37846.329921
5.056457,206,37850.743737
13.963911,371,37857.734019
2.794388,112,37860.160108
32.28477,1001,37878.838353
1.912573,93,37881.218413
15.583178,422,37889.698444
14.7242,1001,37908.331972
2.097256,133,37911.242644
2.456429,144,37914.309413
27.894581,723,37928.060796
7.380399,195,37932.294281
1.592483,132,37935.256896
2.622741,116,37938.04212
2.277517,109,37940.49847
3.010343,164,37943.998526
4.764044,164,37947.479716
8.380255,227,37952.160505
3.900442,124,37955.229951
39.700221,1001,37973.315525
23.600029,675,37986.143878
8.27136,378,37993.417116
4.452325,161,37996.758364
5.814924,178,38000.424695
39.330033,1001,38018.990231
4.897148,168,38022.484965
39.870384,1001,38040.698976
5.015809,155,38043.899367
3.413546,188,38047.70899
6.797458,267,38053.004479
38.476163,1001,38071.533328
3.724817,147,38074.692108
41.001405,1001,38093.07627
9.683718,261,38098.16304
8.17994,270,38103.423109
3.588024,173,38107.058539
2.308255,113,38109.567075
10.353043,285,38114.930217
39.437886,1001,38133.226471
4.008349,176,38136.93555
1.216031,85,38139.069733
12.035292,430,38147.409941
5.470762,171,38151.195332
7.503239,227,38155.844196
13.584656,502,38165.243989
2.041314,107,38167.677815
2.601594,179,38171.286505
5.377614,258,38176.79582
15.346208,374,38183.926203
39.224035,1001,38202.667168
2.093446,100,38205.049681
5.671684,171,38208.585394
2.097863,98,38210.975351
6.731342,207,38215.224603
8.35853,687,38227.978002
41.764921,1001,38246.923511
3.164685,115,38249.595777
2.703056,145,38252.813525
15.111371,376,38260.191093
3.542553,121,38262.987384
19.677726,509,38272.706063
16.724985,405,38280.408141
6.203358,186,38284.329682
2.361293,109,38286.846439
9.121594,252,38291.912017
6.47014,238,38296.938805
1.941735,108,38299.414519
36.867087,1001,38317.771165
4.739892,157,38321.294466
38.588825,1001,38339.751992
1.008805,65,38341.428388
6.687879,193,38345.442687
38.68592,1001,38363.948538
13.958552,375,38371.111915
37.420051,1001,38389.657547
2.436183,118,38392.368819
43.186655,1001,38411.126449
39.457245,1001,38429.861424
35.227701,894,38446.586986
0.089636,1,38447.127643
8.843881,322,38453.634638
1.2742,121,38456.290507
17.115373,435,38464.437148
36.527658,921,38481.272403
23.317015,1001,38499.805367
22.415013,571,38510.639226
7.014882,192,38514.599596
6.871401,187,38518.519267
14.390388,350,38525.318528
2.58084,146,38528.827879
8.355278,256,38534.076679
1.464818,92,38536.36071
3.58172,127,38539.275369
10.111544,1001,38557.678065
3.265477,137,38560.654321
37.266756,1001,38579.017123
44.723541,1001,38597.544903
3.052759,136,38600.82556
36.548422,1001,38619.857166
2.999072,127,38622.836215
1.98517,98,38625.180503
28.77614,697,38638.575768
41.310927,1001,38657.031379
6.547962,181,38661.215319
3.758195,151,38664.453476
2.717068,117,38667.212466
8.88727,328,38673.790667
24.01788,759,38688.241115
38.058401,1001,38706.608022
41.959339,1001,38725.46889
21.678943,493,38734.633283
19.78341,1001,38753.204764
34.693867,917,38769.520235
29.640818,1001,38788.239879
4.983191,191,38792.524919
1.920697,104,38794.919905
13.472334,381,38802.160058
17.150225,1001,38821.094986
2.443555,117,38823.691947
6.632733,198,38827.760826
5.014331,167,38831.550071
3.280051,122,38834.500565
20.746734,615,38846.166267
1.716911,89,38848.393879
11.382588,283,38853.956469
2.615334,112,38856.410219
3.72408,129,38859.27492
3.347146,151,38862.563657
40.129061,1001,38881.029067
9.694938,306,38886.955747
2.941887,142,38890.147985
2.36018,131,38893.005834
9.302085,1001,38911.523502
34.744637,1001,38930.210114
6.354402,187,38934.031928
19.234689,1001,38953.216297
6.775334,266,38958.572452
42.212481,1001,38977.649655
2.800189,184,38981.44167
39.677171,1001,38999.974024
15.905186,423,39008.426475
7.580714,204,39012.658551
3.627773,130,39015.455199
0.088535,1,39016.1159
1.709188,89,39018.373978
11.436681,1001,39037.42439
7.95896,208,39041.522996
2.429088,111,39044.098739
40.230991,930,39061.603615
8.608343,343,39068.418543
46.012895,1001,39087.201288
4.906853,186,39091.038994
4.440631,154,39094.314121
34.428734,775,39109.372465
9.712223,307,39115.256277
5.008137,164,39118.730129
41.441718,1001,39137.384437
5.228436,163,39140.701126
1.150037,73,39142.530415
8.062093,254,39147.549654
30.11173,1001,39166.374537
2.369222,104,39168.744527
22.492537,602,39180.071258
11.256076,279,39185.749925
5.078924,172,39189.390166
45.628828,1001,39208.024462
3.016569,124,39211.085289
12.462375,353,39218.009557
11.467067,313,39224.286035
5.036545,154,39227.594443
1.906188,95,39229.864135
4.079657,140,39232.823584
2.3042,117,39235.799724
5.105898,166,39239.223104
7.779111,205,39243.330803
8.540914,726,39256.94709
38.857068,1001,39275.248411
2.897917,177,39278.915906
2.032787,99,39281.245482
6.751231,204,39285.460167
36.551271,858,39301.735819
34.361128,1001,39320.413128
8.546558,469,39329.772311
36.92325,1001,39348.651937
2.148344,123,39351.353285
3.885591,183,39355.133737
42.786575,1001,39373.898422
8.325057,232,39378.657571
2.593586,144,39381.8134
38.201938,1001,39400.368397
4.515023,187,39404.163426
5.301297,214,39408.623394
